nombre_completo;fecha_nacimiento;correo;documento_identidad;fecha_ingreso;rolId
Joseph Vazquez;1986-05-08;joseph_vazquez@testmail.com;65156898-5;2009-06-13;3
Anna Lucas;1974-03-10;anna_lucas@testmail.com;30230458-6;1996-04-13;4
Jeremiah Ramirez;2001-03-25;jeremiah_ramirez@myemail.com;10313481-6;2008-03-21;1
Kelly Ryan;1973-10-12;kelly_ryan@testmail.com;61770140-1;2020-11-28;1
Christopher Wolf;1995-04-22;christopher_wolf@example.com;40668787-7;2014-08-15;2
Matthew Evans;1978-01-09;matthew_evans@sample.org;21296830-7;2014-03-19;2
Tyler Harrison;1998-11-17;tyler_harrison@myemail.com;49989736-8;2000-11-17;1
Jacqueline Torres;1957-03-21;jacqueline_torres@myemail.com;68930793-1;2019-03-26;2
Debbie Turner;1982-11-26;debbie_turner@testmail.com;28596455-3;1992-12-11;3
Lisa Pearson;1966-06-25;lisa_pearson@myemail.com;30006569-1;2010-09-17;3
Michelle Mcmillan;1966-08-31;michelle_mcmillan@example.com;44661500-8;2011-08-26;4
Marvin Sutton;1992-10-17;marvin_sutton@sample.org;97319757-4;2014-11-01;4
Terri Frye;1961-08-26;terri_frye@sample.org;80333809-0;1991-01-18;4
Eric Simpson;1985-03-08;eric_simpson@sample.org;89077651-2;1997-05-02;4
Michelle Lane;1973-12-15;michelle_lane@sample.org;32010777-5;2001-03-09;1
Keith Garcia;1963-12-18;keith_garcia@myemail.com;62494589-0;1993-03-21;4
Steven Kennedy;1973-02-19;steven_kennedy@myemail.com;45801782-9;2020-02-09;3
Lynn Obrien;1961-06-03;lynn_obrien@myemail.com;16579061-7;2017-02-12;3
Kerry Franklin;1999-02-08;kerry_franklin@testmail.com;52320053-7;1996-12-03;4
Joseph Davis;1988-03-06;joseph_davis@example.com;20738118-4;2001-11-04;2
Gregory Anderson;2009-09-18;gregory_anderson@myemail.com;54591847-7;2014-09-07;2
Victoria Delacruz;1980-12-04;victoria_delacruz@myemail.com;53597013-9;2019-06-08;1
Tammy Mora;1982-05-27;tammy_mora@example.com;40195376-4;2000-02-03;2
Marissa Taylor;1994-11-29;marissa_taylor@sample.org;22093441-5;2015-08-11;3
Cynthia Nelson;1964-10-26;cynthia_nelson@example.com;20192451-2;2009-02-01;2
Hannah Brown;1986-12-06;hannah_brown@testmail.com;18300354-3;2018-04-21;1
Lisa Hicks;2006-08-13;lisa_hicks@myemail.com;66867095-3;1999-06-26;2
David Price;1958-06-17;david_price@testmail.com;93281682-4;2006-07-05;4
Tanner Daniel;1974-07-15;tanner_daniel@myemail.com;55848331-7;1998-05-28;2
Michael Rojas;2005-03-03;michael_rojas@myemail.com;16454837-2;2014-01-17;3
Meghan Pennington;1964-01-30;meghan_pennington@example.com;34895456-5;1993-07-24;4
Beth Gardner;1961-06-26;beth_gardner@sample.org;53591570-8;2005-05-21;2
Caleb Herman;2005-12-24;caleb_herman@myemail.com;21129042-2;1997-11-21;1
Sandra Dunn;1986-01-07;sandra_dunn@sample.org;56471388-6;1991-12-29;2
Kimberly Brown;1981-08-11;kimberly_brown@sample.org;55510484-2;2019-10-01;4
Joseph Barry;1956-06-08;joseph_barry@sample.org;42140643-5;2013-08-23;3
David Bell;2000-05-21;david_bell@myemail.com;35768646-8;2022-07-25;2
Jennifer Cox;1972-08-15;jennifer_cox@myemail.com;34151142-2;1999-06-10;1
Albert Cain;1957-03-07;albert_cain@testmail.com;45917034-8;2006-07-08;1
Charles Barnett;1976-10-22;charles_barnett@myemail.com;73107232-9;2014-04-09;4
Ryan Garcia;1966-05-26;ryan_garcia@example.com;67487325-1;1990-04-20;2
Shane Hunt;2000-02-08;shane_hunt@testmail.com;91879183-7;2009-11-30;1
Michael Ramos;1961-07-15;michael_ramos@myemail.com;94432328-5;1999-01-03;1
Cristina Taylor;2007-10-01;cristina_taylor@myemail.com;64458074-1;1996-06-21;4
Jeffery Gibbs;1990-05-31;jeffery_gibbs@example.com;49587201-8;2009-04-25;3
Gina Smith;2009-10-17;gina_smith@testmail.com;83600851-9;2002-11-30;2
Marissa Jensen;1988-07-10;marissa_jensen@example.com;79364288-0;1990-11-23;2
Jesse Meyers;2001-07-25;jesse_meyers@sample.org;70655326-0;1998-02-06;1
Karen Wilson;1966-03-23;karen_wilson@example.com;21619423-5;1991-03-07;2
Diana Wilcox;1974-02-14;diana_wilcox@myemail.com;70678898-8;1997-04-10;3
Mark Smith;2007-08-29;mark_smith@myemail.com;62145843-8;2001-05-14;2
Shelly Owens;2009-04-08;shelly_owens@testmail.com;18613358-6;2009-01-01;3
Donna Rice;1993-11-02;donna_rice@testmail.com;35803490-7;2015-05-29;1
Taylor Evans;2001-02-18;taylor_evans@testmail.com;16586536-4;2015-02-20;3
Emily Lambert;1996-02-12;emily_lambert@myemail.com;87676871-4;2014-07-05;4
Erin Mason;1955-07-31;erin_mason@sample.org;68142370-6;1994-11-11;3
Michael James;1956-08-18;michael_james@myemail.com;38046512-4;2001-02-17;2
Brian Graham;1979-08-19;brian_graham@testmail.com;54003545-2;2000-11-09;4
Jennifer Smith;1968-04-28;jennifer_smith@testmail.com;49360337-7;1994-02-04;4
Nancy Nelson;1995-05-25;nancy_nelson@testmail.com;53107686-7;2021-01-14;4
Matthew Green;1993-07-21;matthew_green@testmail.com;96564319-4;1992-08-06;4
Michael Evans;1962-02-12;michael_evans@testmail.com;69911947-1;2013-03-31;4
Mark Lee;1954-12-25;mark_lee@testmail.com;95203549-0;1997-10-03;3
Evan Thomas;1977-07-05;evan_thomas@example.com;74878784-4;2015-11-02;2
Gary Carrillo;1996-03-04;gary_carrillo@example.com;92799025-1;1994-08-26;4
Maria Brown;1997-10-31;maria_brown@example.com;92435142-2;1992-12-29;1
Stephen Williams;1991-09-09;stephen_williams@testmail.com;52021780-4;2002-03-14;3
Patrick Shaw;1986-10-04;patrick_shaw@myemail.com;32356984-2;2018-01-29;2
Anthony Black;1971-08-21;anthony_black@myemail.com;16424686-5;2009-03-30;2
Donald Gardner;1990-01-23;donald_gardner@example.com;95035061-4;2007-07-28;3
Jonathan Houston;1964-05-14;jonathan_houston@testmail.com;47941945-2;2001-07-04;1
Preston Alvarado;1980-11-26;preston_alvarado@myemail.com;62311615-7;2012-04-19;4
Edward Mccarthy;1995-11-19;edward_mccarthy@sample.org;77048936-9;1999-04-30;4
Becky Johnson;1997-07-05;becky_johnson@myemail.com;71753998-9;2008-03-29;4
Robert Barry;1996-03-07;robert_barry@sample.org;26732255-6;1994-12-12;3
Michael Morales;1977-03-14;michael_morales@myemail.com;74566879-4;2020-08-18;1
George Garcia;2009-04-30;george_garcia@myemail.com;63774313-2;1993-06-19;1
Joanna Michael;1971-10-24;joanna_michael@testmail.com;53862715-4;1993-07-18;4
John Moore;1993-10-26;john_moore@sample.org;13392607-5;2016-03-04;3
Michael West;1978-11-28;michael_west@sample.org;43476380-7;2022-11-11;1
Ronald Massey;2002-12-20;ronald_massey@example.com;49573565-1;2021-01-19;2
Susan Brown;1982-03-19;susan_brown@testmail.com;63889677-6;2003-09-10;2
Colleen Leonard;1983-05-18;colleen_leonard@testmail.com;87946747-2;2009-08-25;4
David Wilson;1983-11-20;david_wilson@myemail.com;20790663-5;1993-10-23;1
Joe Anderson;1985-10-01;joe_anderson@myemail.com;76107194-0;2003-10-14;4
Laura Gallagher;1982-01-12;laura_gallagher@example.com;42930426-0;1990-09-16;4
Thomas Proctor;1981-06-07;thomas_proctor@testmail.com;19546595-8;2019-01-27;2
Heather Johnson;1986-10-08;heather_johnson@myemail.com;58252557-8;1998-12-07;3
Debbie Mcdonald;1981-12-01;debbie_mcdonald@sample.org;67454861-8;2011-02-01;4
Jeremy Mitchell;1995-09-29;jeremy_mitchell@sample.org;54182844-9;2005-01-09;4
Rachel Morris;2006-03-18;rachel_morris@example.com;21095048-5;2007-06-25;2
William Hall;2002-06-15;william_hall@sample.org;67265990-2;1997-05-11;2
Christopher Jackson;1979-11-09;christopher_jackson@example.com;25578121-7;2020-10-28;4
Carla Velez;1983-07-23;carla_velez@testmail.com;84143063-5;2008-05-26;1
Tanner Thomas;1964-02-23;tanner_thomas@myemail.com;63360970-2;1993-04-04;3
Andrea Bond;1963-06-25;andrea_bond@sample.org;93566249-6;1998-02-04;1
Timothy Mcdowell;1968-11-29;timothy_mcdowell@testmail.com;11003069-3;2016-06-21;4
Martin Osborne;2006-05-21;martin_osborne@myemail.com;71655881-8;1998-04-20;3
Christina Baker;1980-10-11;christina_baker@testmail.com;81459015-2;2010-07-08;2
Ricky Ward;1971-01-26;ricky_ward@example.com;12175872-8;2020-03-12;3
Dean Wiley;1963-04-14;dean_wiley@myemail.com;14619553-8;2005-10-18;1
Robert Lawrence;1994-02-21;robert_lawrence@myemail.com;30533166-1;1994-11-04;1
Courtney Stephens;2006-03-08;courtney_stephens@example.com;35042221-8;2007-10-23;4
Julie Huerta;1972-12-22;julie_huerta@example.com;54301185-5;2001-10-11;2
Derek Johnson;1987-03-19;derek_johnson@myemail.com;53734356-3;2021-02-11;1
Erik Sparks;2001-11-12;erik_sparks@testmail.com;81720632-6;2016-09-02;4
Bryan Berry;1988-10-29;bryan_berry@example.com;42613146-3;1995-03-12;2
Isabel Lee;1978-05-31;isabel_lee@testmail.com;71153659-8;2001-01-10;2
Meghan Williams;2004-04-01;meghan_williams@testmail.com;89366997-8;1992-01-21;1
Carla Sherman;1969-06-02;carla_sherman@myemail.com;87828831-9;2017-10-07;2
Sarah Townsend;1965-02-04;sarah_townsend@testmail.com;44402783-5;2017-10-16;2
Brianna Gibson;2006-10-19;brianna_gibson@example.com;45190438-8;2001-12-11;1
Joshua Griffin;1992-10-11;joshua_griffin@myemail.com;91396240-9;1994-01-01;2
Joshua Booth;1969-08-21;joshua_booth@example.com;87910470-6;1994-03-31;4
Matthew Estes;1963-04-09;matthew_estes@myemail.com;92797758-2;1994-04-04;1
Brett Richardson;1966-01-03;brett_richardson@testmail.com;11412276-5;2012-12-02;4
Chad Garza;2007-07-03;chad_garza@example.com;62293841-2;2007-06-19;3
Gabriel Carter;1972-11-16;gabriel_carter@example.com;81371217-7;1990-08-29;1
Angelica Guerrero;1990-01-07;angelica_guerrero@myemail.com;52203775-1;2021-08-24;1
Jose Stewart;2003-10-03;jose_stewart@example.com;30406110-8;2001-03-16;1
Alan Moss;1954-01-11;alan_moss@example.com;15976819-6;2003-03-17;3
Rebecca Johnson;1968-08-23;rebecca_johnson@myemail.com;82262925-0;2020-07-05;3
David Reyes;1975-06-22;david_reyes@example.com;54585597-6;1993-06-28;2
Michael Clark;1997-08-10;michael_clark@example.com;57831088-9;1997-11-16;3
William Smith;2004-03-05;william_smith@example.com;50209260-5;2008-12-14;3
Joshua Mendez;2008-09-16;joshua_mendez@example.com;70610279-4;2001-08-22;2
Robert Coleman;2005-10-21;robert_coleman@testmail.com;86639178-0;1997-10-22;2
Michael Smith;1978-02-18;michael_smith@myemail.com;16033983-5;2002-06-30;4
Tammy Willis;1976-06-05;tammy_willis@sample.org;63342168-8;2009-08-04;2
Joshua Edwards;1966-06-17;joshua_edwards@myemail.com;89353169-9;2003-04-08;1
Rachel Shannon;1972-11-20;rachel_shannon@example.com;67164174-5;2007-09-03;1
Mitchell Nunez;1989-05-02;mitchell_nunez@example.com;86250326-4;2006-02-18;3
Joseph Paul;1964-02-15;joseph_paul@sample.org;19177051-8;1993-06-13;2
Dakota Gordon;1996-02-13;dakota_gordon@example.com;57816574-4;2007-04-28;3
Christopher Hernandez;2006-07-27;christopher_hernandez@sample.org;62015037-1;2022-09-10;1
Scott Sullivan;2009-10-26;scott_sullivan@myemail.com;57895126-5;2001-08-07;3
Ashley Rangel;1986-06-08;ashley_rangel@myemail.com;21508503-5;2009-01-28;4
Jason Davis;1986-04-26;jason_davis@myemail.com;17527653-1;2016-06-25;1
Larry Griffith;1957-12-09;larry_griffith@example.com;53220869-0;2018-03-01;1
Kevin Davidson;1957-11-07;kevin_davidson@myemail.com;90417524-0;2002-10-15;2
Crystal Weber;1978-02-09;crystal_weber@testmail.com;60981431-2;2016-05-24;1
Jim Hughes;1962-08-12;jim_hughes@testmail.com;29451913-0;2021-11-10;3
Kevin Middleton;1989-08-05;kevin_middleton@example.com;23238554-4;2010-06-13;2
Bridget Walker;1971-06-29;bridget_walker@testmail.com;49626660-2;1993-12-03;1
Patricia Hansen;1966-01-23;patricia_hansen@sample.org;63564256-6;2002-08-13;2
Michelle Smith;1977-03-06;michelle_smith@sample.org;84515850-0;2019-03-15;3
Jessica Monroe;1969-06-02;jessica_monroe@testmail.com;54640766-5;2008-03-16;3
Larry Lozano;1961-09-20;larry_lozano@myemail.com;68070071-8;2013-07-23;4
David Bullock;1970-12-27;david_bullock@example.com;76182927-2;2009-03-06;1
Michael Fleming;1996-12-19;michael_fleming@testmail.com;20160000-2;2000-02-04;1
Julian Lewis;1974-02-16;julian_lewis@testmail.com;16966162-0;2018-02-02;1
Eric Stephens;1980-01-04;eric_stephens@testmail.com;21970449-3;2010-08-29;4
Kara Young;2005-05-03;kara_young@myemail.com;82516262-3;2021-07-21;3
Christopher Jones;1955-11-13;christopher_jones@sample.org;12952718-0;2018-12-17;2
John Hall;1968-10-13;john_hall@example.com;82643173-2;1995-01-11;2
Nancy Smith;1969-01-13;nancy_smith@myemail.com;13358930-9;1993-10-16;2
Caroline Sawyer;1980-03-20;caroline_sawyer@testmail.com;88476329-1;1997-07-22;4
Michael Stafford;1992-07-31;michael_stafford@myemail.com;72504872-2;1996-02-28;1
David Rodriguez;2003-08-31;david_rodriguez@sample.org;70999877-7;2018-10-14;3
Tara Morgan;1954-09-08;tara_morgan@example.com;83844396-4;2010-11-11;2
Brandy Mccullough;1975-12-25;brandy_mccullough@myemail.com;83177349-5;1994-02-06;3
Deborah Gould;1963-10-20;deborah_gould@example.com;82060871-6;2007-12-08;1
Maria Bailey;1988-01-07;maria_bailey@example.com;38605147-9;2014-12-29;4
Laura Kennedy;1985-09-07;laura_kennedy@myemail.com;38635902-5;1999-09-29;2
Lawrence Hoffman;1994-08-06;lawrence_hoffman@testmail.com;18739328-5;1993-10-01;2
Sarah Barnett;1978-06-30;sarah_barnett@example.com;18604869-4;2015-08-25;4
Erika Decker;2000-05-14;erika_decker@example.com;59781093-9;2020-08-10;3
Todd Moore;1989-01-26;todd_moore@testmail.com;91607486-9;2008-04-15;1
Christy Mathews;1954-09-01;christy_mathews@myemail.com;20994313-4;1991-10-26;4
Megan Wallace;1998-08-16;megan_wallace@sample.org;95482246-6;2003-06-05;4
Christopher Hernandez;1973-07-05;christopher_hernandez@testmail.com;50812668-9;1992-02-07;4
Carlos Brown;2005-07-14;carlos_brown@testmail.com;19688597-5;2016-04-01;3
Becky Adams;1972-03-05;becky_adams@sample.org;86043030-9;2007-11-10;3
Donald Carney;1961-12-02;donald_carney@myemail.com;21095193-2;2006-03-12;4
Antonio Carlson;1998-04-19;antonio_carlson@testmail.com;72784742-0;1997-08-18;1
Jill Jones;1985-02-23;jill_jones@myemail.com;39880208-7;2013-07-16;4
Andrew Gill;1954-08-09;andrew_gill@myemail.com;70935985-9;invalid-date;2
Joshua Mills;1959-03-25;joshua_mills@testmail.com;73332450-9;1995-12-08;4
Pamela Smith;2006-07-14;pamela_smith@myemail.com;88526434-5;2009-02-26;1
Larry Clayton;1954-02-11;larry_clayton@sample.org;20804019-9;2006-12-29;3
Samantha Shaw;1999-10-13;samantha_shaw@testmail.com;46115783-7;2015-08-07;1
Roberta Lane;1965-05-01;roberta_lane@testmail.com;39477660-1;2007-04-25;1
Kimberly Montes;1961-01-22;kimberly_montes@myemail.com;40118778-4;2006-03-14;4
Deanna Baldwin;1998-11-27;deanna_baldwin@testmail.com;90252019-9;2005-07-04;3
Thomas Davis;2006-05-08;thomas_davis@testmail.com;92127470-3;1995-12-10;4
Kyle Buckley;1983-08-26;kyle_buckley@sample.org;12365105-8;2003-06-28;4
Valerie Barker;1989-10-30;valerie_barker@sample.org;14771205-8;1991-01-26;4
Colleen Bender;1958-06-05;colleen_bender@sample.org;26111862-1;2003-12-13;4
Rachel Aguilar;1983-05-16;rachel_aguilar@testmail.com;53210617-4;1990-04-22;4
Kathy Gordon;2006-09-10;kathy_gordon@sample.org;81225990-7;2014-01-25;3
Amber Wright;1972-03-24;amber_wright@testmail.com;92956147-5;2004-03-23;3
Michael Williams;1965-06-18;michael_williams@myemail.com;85488810-6;2003-05-24;2
Angel Richmond;1996-09-17;angel_richmond@myemail.com;78266731-1;2021-07-31;2
Laura Tran;1989-10-01;laura_tran@testmail.com;53354654-6;2000-05-29;2
Debra Kirk;1987-12-25;debra_kirk@myemail.com;30861549-9;2017-03-17;2
Michael Schultz;2005-06-29;michael_schultz@sample.org;19645562-0;2001-03-18;3
Javier Flynn;1993-09-11;javier_flynn@testmail.com;57409640-5;2002-08-04;2
Brian Levine;1979-12-03;brian_levine@myemail.com;37718750-8;2010-12-21;4
Ian Elliott;2004-09-12;ian_elliott@example.com;58753744-5;1993-12-22;2
Steven Cook;1977-07-13;steven_cook@example.com;64898350-7;2009-02-24;3
Matthew Clay;1973-03-03;matthew_clay@testmail.com;33388582-6;2020-10-15;4
Jason Boyd;1988-07-21;jason_boyd@myemail.com;91709751-6;2001-08-29;1
George Stephenson;1998-10-08;george_stephenson@myemail.com;52559295-8;1991-06-26;2
Frank Mata;1992-06-06;frank_mata@testmail.com;18361685-0;1991-11-05;3
Charles Green;2003-05-29;charles_green@sample.org;94905679-6;2013-02-01;2
Blake Johnson;1963-03-25;blake_johnson@myemail.com;99315311-4;1997-08-05;1
Michelle Sanchez;1987-12-31;michelle_sanchez@testmail.com;59374710-6;2002-01-13;2
Bridget Roberts;1978-04-16;bridget_roberts@testmail.com;34784777-4;2007-09-09;4
Leslie Reid;1995-11-21;leslie_reid@testmail.com;42242137-5;2006-01-31;1
Rebecca Kennedy;1963-02-03;rebecca_kennedy@myemail.com;68061647-8;2006-05-04;1
William Harris;1974-07-26;william_harris@testmail.com;71452480-5;2002-03-29;2
Brian Deleon;2006-11-16;brian_deleon@myemail.com;24570485-8;2022-04-17;2
Crystal Johnson;1990-04-09;crystal_johnson@sample.org;84094024-4;2005-06-29;1
Kyle Turner;1995-07-06;kyle_turner@testmail.com;57199870-9;2009-03-18;3
Donald Ingram;2008-09-24;donald_ingram@testmail.com;29626532-0;1997-08-06;3
Emily Wiggins;1963-11-15;emily_wiggins@example.com;86638429-9;2025-02-30;3
Brian Rice;1957-08-27;brian_rice@myemail.com;49982830-7;1997-11-01;1
Brandon White;2009-01-02;brandon_white@myemail.com;75479768-2;2001-08-01;3
Christian Riggs;1994-03-19;christian_riggs@sample.org;11865476-7;2017-10-25;3
Donald Johns;1983-08-16;donald_johns@myemail.com;31317816-2;1994-05-01;2
Robert Hicks;1986-10-20;robert_hicks@example.com;20540850-0;2003-01-21;1
Ann Barr;1982-03-16;ann_barr@myemail.com;80552273-3;2016-03-05;2
Melissa Villanueva;1977-11-22;melissa_villanueva@testmail.com;49950854-7;1998-07-23;2
Gary Chambers;1981-04-06;gary_chambers@sample.org;69509261-9;1997-03-09;3
George Roman;1954-05-03;george_roman@testmail.com;45935622-6;2006-08-10;3
Ann Proctor;1959-05-02;ann_proctor@myemail.com;64952875-0;1993-11-24;3
Kathleen Hobbs;1954-09-26;kathleen_hobbs@example.com;61110662-0;2020-06-13;3
Laura Tucker;1990-03-29;laura_tucker@myemail.com;72496763-2;2024-13-40;2
Lauren Vasquez;1999-01-19;lauren_vasquez@testmail.com;42704053-1;2014-09-10;3
Monica Mccarthy;1955-08-02;monica_mccarthy@testmail.com;87167094-1;2010-05-07;3
Ian Armstrong;1998-11-24;ian_armstrong@testmail.com;59623570-1;2013-10-02;3
Deanna Hess;2009-06-27;deanna_hess@sample.org;46194414-0;1996-03-30;2
Rodney Torres;1962-05-26;rodney_torres@myemail.com;81520981-7;2016-04-10;4
Anna Chavez;2004-11-07;anna_chavez@myemail.com;52443733-0;1998-06-19;2
Kenneth Gibbs;1989-03-27;kenneth_gibbs@sample.org;23320505-4;2018-03-24;2
Kelly Martinez;1973-01-31;kelly_martinez@myemail.com;36419000-9;1991-08-19;1
John Scott;1979-10-06;john_scott@sample.org;83626369-9;2018-09-09;1
Anna Martin;1974-06-26;anna_martin@sample.org;22348811-9;1990-08-29;1
Dana Young;1987-07-17;dana_young@sample.org;85918777-5;2013-11-22;2
Scott Castaneda;2009-08-05;scott_castaneda@myemail.com;74438130-4;2018-02-13;2
William Barber;1964-06-01;william_barber@example.com;62417324-5;2018-09-19;1
Alfred Vasquez;1982-02-03;alfred_vasquez@testmail.com;68987262-8;1996-01-30;4
Steve Campbell;1959-07-13;steve_campbell@myemail.com;10139047-2;2018-03-29;3
Sean Jenkins;1996-12-15;sean_jenkins@myemail.com;81216327-8;2009-12-18;4
Betty Jackson;1984-06-30;betty_jackson@testmail.com;97655651-9;2010-08-27;4
Paula Chambers;1979-08-13;paula_chambers@example.com;77409274-8;2000-03-14;3
Linda Ramirez;1963-09-19;linda_ramirez@testmail.com;26627619-5;2016-11-07;3
Cynthia Briggs;1966-10-16;cynthia_briggs@example.com;55961802-5;1995-04-08;2
Angela Burns;1995-03-01;angela_burns@sample.org;73277215-4;2015-09-30;1
Lisa Edwards;1963-08-04;lisa_edwards@myemail.com;57202754-3;1998-06-14;1
Samuel Miller;1989-11-24;samuel_miller@testmail.com;74391056-2;1993-07-14;3
John Harris;2007-11-09;john_harris@myemail.com;45670735-2;2003-02-10;3
Heather Prince;2004-08-22;heather_prince@example.com;13915870-4;2003-09-04;1
Cody Oneal;1999-10-21;cody_oneal@sample.org;14430601-3;2022-01-17;1
Cheryl Martin;1961-05-11;cheryl_martin@myemail.com;16740825-1;2006-03-19;1
John Daugherty;1992-03-04;john_daugherty@myemail.com;10189512-2;2020-08-22;4
Jared Thomas;1956-08-05;jared_thomas@sample.org;54094433-8;1995-03-06;4
Wendy Ross;1963-09-05;wendy_ross@myemail.com;32564197-8;2016-02-19;2
James Mata;1955-05-22;james_mata@myemail.com;52705119-5;2020-03-14;1
Robert Cooper;1983-10-15;robert_cooper@example.com;16431994-5;2009-05-19;3
Nancy Lopez;1965-01-13;nancy_lopez@example.com;55975867-7;2014-08-07;4
Jeremy Johnson;1973-07-31;jeremy_johnson@testmail.com;76613107-7;2009-11-14;2
Gregory Diaz;1995-02-15;gregory_diaz@sample.org;95225884-1;2012-01-25;4
Peggy Blackwell;1997-07-01;peggy_blackwell@myemail.com;69225362-9;2014-05-08;1
Ashley Franklin;1995-03-12;ashley_franklin@myemail.com;67481159-5;1990-05-18;2
Amy Garcia;1997-09-04;amy_garcia@myemail.com;65571219-2;1990-09-18;3
Lisa Cruz;1972-02-02;lisa_cruz@example.com;14252897-8;1993-08-01;3
Jennifer Lewis;1989-01-24;jennifer_lewis@testmail.com;31793653-9;2021-03-29;4
Michelle Prince;1956-09-23;michelle_prince@example.com;70506733-3;2006-10-29;3
Suzanne Reynolds;1986-08-29;suzanne_reynolds@myemail.com;48555797-6;2011-04-30;1
Melissa Cruz;1990-03-06;melissa_cruz@example.com;81106392-5;2019-05-07;4
Meagan Griffith;1962-05-09;meagan_griffith@testmail.com;53481987-2;2011-06-06;2
Kenneth Levine;1977-08-31;kenneth_levine@example.com;24397946-0;1991-06-22;3
Natalie Edwards;1988-04-11;natalie_edwards@testmail.com;82636452-6;2018-08-02;1
Brian Roberts;1990-01-23;brian_roberts@sample.org;94726021-3;2013-11-30;1
Allen Miller;1968-08-26;allen_miller@example.com;89703203-5;1999-02-11;4
Stacy Edwards;1966-02-28;stacy_edwards@testmail.com;79683855-8;1993-10-02;4
Jennifer Nguyen;1954-06-18;jennifer_nguyen@myemail.com;24140878-7;2020-04-14;2
Victoria Clark;1980-09-04;victoria_clark@sample.org;65012909-4;2009-01-11;3
Debbie Russell;1995-10-19;debbie_russell@testmail.com;66700063-9;2013-05-01;4
Donna Larson;1981-07-24;donna_larson@myemail.com;57458442-6;2010-07-31;2
Megan Thomas;2006-03-25;megan_thomas@example.com;74164313-4;2012-03-09;2
Patrick Cox;1992-06-12;patrick_cox@testmail.com;80121691-5;2021-01-18;2
Brian Allen;1976-11-08;brian_allen@testmail.com;86605018-1;1997-02-10;2
Jessica Daniels;1986-05-31;jessica_daniels@sample.org;31727281-5;2013-11-17;4
Tanya Hernandez;1980-11-25;tanya_hernandez@example.com;86773865-5;1999-01-27;1
Robert Stephenson;1987-07-16;robert_stephenson@myemail.com;32218680-6;2014-12-23;1
Bryce Young;1979-07-03;bryce_young@sample.org;35542364-7;2012-12-27;1
Robert Taylor;2002-09-10;robert_taylor@example.com;62557738-1;2010-01-14;3
Anna Walker;1965-05-23;anna_walker@example.com;99429206-9;2002-11-07;3
Cheryl Donovan;1963-02-14;cheryl_donovan@testmail.com;21885430-5;2002-04-15;1
Michael Patterson;1972-03-13;michael_patterson@sample.org;83201037-1;2011-02-05;3
Brett Ashley;1975-11-12;brett_ashley@testmail.com;12836431-1;2016-07-01;4
Kimberly Bullock;1959-06-07;kimberly_bullock@example.com;67892053-4;2018-07-15;2
Deanna Rose;1967-03-15;deanna_rose@testmail.com;54148488-6;1991-03-08;4
Richard Thompson;1999-05-30;richard_thompson@example.com;30052980-1;2018-05-11;3
Kimberly Johnson;1960-01-18;kimberly_johnson@myemail.com;49670248-9;1991-01-24;3
Cynthia Hall;2000-05-11;cynthia_hall@testmail.com;69623793-3;1994-05-10;3
Meghan Anderson;2000-04-10;meghan_anderson@sample.org;38505336-5;2021-04-13;2
Mark King;1982-05-19;mark_king@example.com;48689565-0;1998-02-08;1
Michael Orozco;1993-04-24;michael_orozco@testmail.com;34768933-4;2017-12-31;3
Michelle Rodriguez;1975-10-08;michelle_rodriguez@testmail.com;53953392-9;2000-04-14;4
John Williams;1958-11-15;john_williams@testmail.com;80390975-3;2002-10-18;2
Kevin Garcia;1956-09-24;kevin_garcia@myemail.com;66325726-8;2001-01-29;2
Jennifer Palmer;1958-08-02;jennifer_palmer@example.com;99755177-8;1992-11-08;1
Stephen Murillo;1960-06-14;stephen_murillo@example.com;20209775-1;2007-03-22;1
Donald Buck;1956-03-28;donald_buck@myemail.com;50223779-9;2018-08-20;3
Timothy Pittman;1992-09-10;timothy_pittman@testmail.com;86604701-7;2017-03-16;2
Matthew Velez;1971-07-20;matthew_velez@example.com;63190328-4;2018-07-16;4
Amy Ortega;1980-03-01;amy_ortega@testmail.com;98493903-0;2001-11-02;2
Laura Hall;1992-07-02;laura_hall@sample.org;47076676-0;2010-10-23;4
Tanner Wolfe;2003-05-21;tanner_wolfe@myemail.com;43530397-9;2007-11-19;2
Robert Evans;2008-01-18;robert_evans@testmail.com;62364087-7;1993-03-23;4
Heather Daniel;1963-04-30;heather_daniel@myemail.com;61210831-1;2015-12-25;2
Michael Perez;1981-03-09;michael_perez@testmail.com;59937359-0;2002-05-10;1
Jason Adams;2000-11-22;jason_adams@sample.org;41074338-0;2019-02-03;1
Samuel Anderson;1958-11-06;samuel_anderson@myemail.com;39617773-7;2016-12-13;1
Michael Garcia;1977-03-28;michael_garcia@sample.org;47694591-8;2016-10-19;2
Robert Herrera;1993-10-26;robert_herrera@example.com;63878582-9;2002-04-27;1
Jonathan Smith;1964-11-30;jonathan_smith@sample.org;73886677-8;2003-12-22;4
Timothy Morse;1973-01-04;timothy_morse@myemail.com;75610336-5;1996-11-04;2
Cody Deleon;1957-11-02;cody_deleon@example.com;49910618-5;2021-08-15;1
Michael Hampton;1965-02-17;michael_hampton@sample.org;47259839-5;2011-08-26;2
Lori Rowe;1994-10-31;lori_rowe@sample.org;56624308-8;1998-08-16;3
Jessica Harmon;1973-12-02;jessica_harmon@sample.org;65303288-7;2006-10-04;3
Kayla Hess;2002-02-08;kayla_hess@testmail.com;53963536-4;2010-08-11;3
Samantha Harper;1966-10-31;samantha_harper@example.com;63464758-7;1996-04-17;4
John Knight;1995-12-04;john_knight@sample.org;28130289-6;2001-06-23;1
Christine Robinson;1963-03-17;christine_robinson@testmail.com;35431861-2;2004-02-07;2
Kerry Watson;1989-09-04;kerry_watson@example.com;57842486-9;2007-11-06;3
Mario Martin;1981-07-13;mario_martin@sample.org;86928806-5;1998-07-14;4
Daniel Campbell;1965-08-16;daniel_campbell@sample.org;43231551-2;1993-03-27;2
Lauren Juarez;1970-02-23;lauren_juarez@sample.org;23417877-6;2009-08-08;2
Krystal Garrison;1969-04-10;krystal_garrison@example.com;88446851-9;2016-01-31;3
Nancy Daniels;1971-01-21;nancy_daniels@testmail.com;43583304-1;2008-01-21;3
Erica Kent;1979-02-04;erica_kent@testmail.com;67411713-9;2008-10-12;1
Carrie Kent;1959-01-27;carrie_kent@myemail.com;36506904-1;2021-04-28;2
Frederick Montgomery;1981-04-30;frederick_montgomery@testmail.com;60967845-4;1995-03-04;1
Jennifer Arnold;1982-08-04;jennifer_arnold@myemail.com;87441941-5;2009-05-11;3
James Carlson;1974-02-23;james_carlson@sample.org;32569624-9;2014-09-20;4
Charles Mcdonald;1989-07-16;charles_mcdonald@testmail.com;57557303-7;2018-10-03;3
Wayne Berger;1961-01-25;wayne_berger@testmail.com;22788368-5;2003-02-19;4
Brian Jones;1995-05-08;brian_jones@testmail.com;38451321-1;2015-12-01;1
Stacy Baird;1992-10-28;stacy_baird@testmail.com;29252761-6;2001-07-22;2
Bethany Bauer;2001-06-23;bethany_bauer@example.com;65242855-9;1993-01-30;2
Erin Bennett;2000-08-05;erin_bennett@testmail.com;56096178-5;2011-10-10;4
Donna Spence;1989-01-06;donna_spence@sample.org;54662565-1;1996-05-29;3
Bryan Frederick;1959-03-16;bryan_frederick@myemail.com;56209043-5;2016-10-19;4
Kayla Owens;2000-10-29;kayla_owens@example.com;20216483-2;2010-02-05;4
Marisa Nguyen;1968-07-13;marisa_nguyen@myemail.com;10385429-4;2004-03-02;3
Margaret Thompson;2004-11-04;margaret_thompson@myemail.com;60443025-5;1995-12-06;2
Martin Peck;1977-12-05;martin_peck@example.com;54071352-8;1997-02-27;3
Jamie Ford;1992-06-09;jamie_ford@example.com;75162467-9;2021-03-08;2
Nathan Wall;1980-06-01;nathan_wall@example.com;50383122-5;2000-05-14;1
Peter Vasquez;1976-07-19;peter_vasquez@myemail.com;58993360-3;1997-07-19;4
Charles Molina;1974-06-01;charles_molina@myemail.com;88491826-4;2001-03-30;4
Brian Fuller;1992-04-14;brian_fuller@example.com;56282350-0;2012-06-02;2
Haley Guerrero;2004-07-20;haley_guerrero@testmail.com;59531876-9;2002-10-05;3
Connor Kaufman;1995-09-29;connor_kaufman@example.com;55690411-2;2002-03-26;4
Kerry Walters;2000-09-03;kerry_walters@testmail.com;24297732-7;2000-07-24;1
Angela Burke;1995-08-04;angela_burke@myemail.com;16044328-0;2003-01-07;1
Theresa Freeman;2007-02-16;theresa_freeman@myemail.com;39969785-0;2022-07-30;3
Johnny Oconnor;1998-10-26;johnny_oconnor@testmail.com;98239061-2;2009-09-17;2
Erica Ramos;1976-08-15;erica_ramos@sample.org;45348574-8;2002-10-29;3
Thomas Allen;1962-04-06;thomas_allen@myemail.com;84592668-1;2014-12-30;1
Natasha Shelton;1987-12-28;natasha_shelton@testmail.com;48371853-6;1990-05-04;2
April Lucas;2002-12-29;april_lucas@myemail.com;69788995-1;2011-07-22;2
Pamela Adams;1960-12-13;pamela_adams@myemail.com;40610028-9;2022-05-05;2
Dorothy Odonnell;1966-11-10;dorothy_odonnell@sample.org;79684794-3;2007-01-11;2
Justin Farley;1966-08-10;justin_farley@testmail.com;70790827-9;2008-08-22;1
Carlos Cook;1972-10-30;carlos_cook@testmail.com;60412767-1;2019-02-22;4
Jennifer Sutton;1956-07-28;jennifer_sutton@sample.org;69892267-2;2000-02-27;3
Steven Lucas;1960-07-02;steven_lucas@example.com;85423760-8;2009-01-01;2
Lori Griffin;1992-02-26;lori_griffin@testmail.com;14673310-2;1997-11-17;3
Ashlee Schmidt;1980-06-23;ashlee_schmidt@testmail.com;91237857-6;2014-04-26;4
William Murray;1993-11-26;william_murray@sample.org;74616689-0;1998-12-16;1
Mitchell Woods;1960-03-01;mitchell_woods@example.com;18071719-6;2009-10-10;2
Jacqueline Tran;1983-08-23;jacqueline_tran@myemail.com;40072014-7;2019-01-23;4
Stephanie Williams;1975-12-22;stephanie_williams@testmail.com;80442610-6;2000-05-22;1
Sarah Fitzgerald;1962-02-01;sarah_fitzgerald@testmail.com;21674269-6;1997-02-20;4
Amanda Anderson;1991-04-30;amanda_anderson@testmail.com;66566132-5;1990-05-19;1
Ryan West;1960-03-10;ryan_west@sample.org;23299347-2;2016-02-06;3
Evelyn Swanson;1992-07-05;evelyn_swanson@example.com;33514117-9;2000-05-09;4
Kevin Gardner;2003-07-31;kevin_gardner@example.com;96762093-7;2019-02-15;1
Wayne Robertson;1987-06-23;wayne_robertson@testmail.com;61915778-9;2022-09-05;3
James Raymond;1984-05-28;james_raymond@testmail.com;32125284-6;2006-12-23;2
Bradley Sherman;1973-05-16;bradley_sherman@testmail.com;63730430-5;2015-08-22;1
James Taylor;2001-03-25;james_taylor@myemail.com;70573588-5;2010-02-21;3
Gabrielle Hernandez;2004-04-06;gabrielle_hernandez@myemail.com;72410932-7;1990-10-30;2
Catherine Oliver;1970-11-13;catherine_oliver@example.com;62726185-2;2020-07-02;2
Marcus Cook;1981-08-25;marcus_cook@sample.org;39143496-3;2020-06-11;4
Luis Wright;1968-09-21;luis_wright@sample.org;39484860-8;2017-03-30;1
Christopher Barnes;1993-06-01;christopher_barnes@example.com;40041187-0;2012-03-10;4
Michael Burke;2002-05-03;michael_burke@myemail.com;88693802-4;2004-08-27;3
Brittany Walsh;1997-05-01;brittany_walsh@example.com;61053335-9;2004-12-30;4
Patrick Ramirez;1982-04-01;patrick_ramirez@sample.org;61482885-0;2014-05-21;3
Samantha Romero;1967-04-21;samantha_romero@sample.org;51869674-8;2011-03-26;4
Nathan Smith;1974-07-20;nathan_smith@sample.org;18184194-2;2008-11-29;2
Tina Nelson;1994-03-06;tina_nelson@example.com;12721677-2;2005-08-14;2
Margaret Lin;1980-04-22;margaret_lin@example.com;32650962-0;2004-04-03;1
Jamie Kirby;2005-04-15;jamie_kirby@testmail.com;71036864-0;2014-06-15;1
Jacob Armstrong;2004-03-22;jacob_armstrong@example.com;95226015-0;2005-12-05;1
Paige Turner;1985-06-25;paige_turner@testmail.com;10506582-5;2000-02-16;4
Amy Morales;1971-07-17;amy_morales@myemail.com;75351579-3;2011-09-13;2
Shelley Wolfe;1970-08-09;shelley_wolfe@myemail.com;91048236-4;2022-01-11;1
Christine Warren;1972-10-26;christine_warren@myemail.com;38436652-7;2018-06-12;4
Linda Byrd;1977-07-03;linda_byrd@example.com;52297977-9;1994-04-26;1
Marissa Copeland;1969-08-22;marissa_copeland@example.com;17964064-2;2011-11-29;2
Natalie Hicks;2004-02-17;natalie_hicks@example.com;54023009-3;2010-10-26;4
James Krause;1988-02-16;james_krause@testmail.com;47669162-8;2015-12-16;3
Brandon Baker;1981-05-01;brandon_baker@sample.org;53883337-4;2020-07-27;4
Brandon Ritter;1980-08-03;brandon_ritter@example.com;22649637-5;2007-02-08;1
Monique Hunter;1986-09-17;monique_hunter@testmail.com;67857507-8;2009-09-02;3
Nicole Aguirre;1994-08-22;nicole_aguirre@myemail.com;53688014-1;1997-08-16;4
Lauren Montgomery;1993-01-22;lauren_montgomery@sample.org;21226271-8;2015-09-21;3
Crystal Obrien;2000-06-24;crystal_obrien@myemail.com;47473072-8;1990-07-06;1
Jeremy Williams;1970-06-06;jeremy_williams@myemail.com;88376931-4;1992-08-13;4
Wendy Garcia;1968-02-22;wendy_garcia@sample.org;29640161-6;2019-07-31;1
Miranda Harper;2002-12-04;miranda_harper@myemail.com;79118319-4;1996-09-22;1
Keith Zimmerman;2002-12-22;keith_zimmerman@sample.org;16307887-7;1997-02-05;1
Bradley Brown;1996-07-02;bradley_brown@myemail.com;85859830-4;2010-05-12;3
Ralph Smith;1974-06-23;ralph_smith@myemail.com;39881060-8;2004-08-10;3
Sabrina Brown;1979-07-18;sabrina_brown@testmail.com;70767951-9;2009-10-12;3
Travis Greene;1968-07-11;travis_greene@sample.org;94870914-3;2006-07-08;4
Michael Cook;1976-10-04;michael_cook@example.com;20696800-7;2006-09-12;4
Christopher Riley;1960-09-25;christopher_riley@testmail.com;16163581-8;1990-01-28;1
Martha Nicholson;1988-08-19;martha_nicholson@sample.org;10529532-3;2000-02-13;3
Eugene Day;2000-08-29;eugene_day@example.com;68650640-3;2008-05-29;1
Samuel Reyes;1990-12-08;samuel_reyes@testmail.com;13322661-2;2019-07-21;4
Alexis Robertson;1995-05-25;alexis_robertson@example.com;30258686-1;invalid-date;4
Janet Schmitt;1997-02-24;janet_schmitt@myemail.com;82232865-3;2021-12-23;2
Justin Smith;1979-01-28;justin_smith@myemail.com;53729028-8;2020-09-12;4
Holly Hernandez;2007-02-20;holly_hernandez@testmail.com;42463194-8;2016-06-28;4
William Carter;1975-10-02;william_carter@testmail.com;46405567-9;2011-05-06;4
Nicholas Gonzalez;1976-06-05;nicholas_gonzalez@myemail.com;49033446-5;2022-02-24;4
Thomas Larson;1989-09-10;thomas_larson@myemail.com;35107501-4;2010-05-13;4
Stephanie Strickland;1956-12-21;stephanie_strickland@testmail.com;85958854-7;2025-02-30;3
Christopher Perez;1990-06-13;christopher_perez@myemail.com;56867927-4;1997-02-26;4
Scott Miller;1959-11-12;scott_miller@myemail.com;71599103-3;2010-09-10;2
Laura Juarez;1965-11-07;laura_juarez@testmail.com;55197549-5;1990-04-06;1
Melissa Flowers;1966-09-16;melissa_flowers@example.com;61963050-6;2000-02-12;3
Heather Burns;1991-05-14;heather_burns@myemail.com;35263412-1;1991-04-22;2
Ruth Pierce;1970-01-24;ruth_pierce@example.com;45390540-9;2021-06-29;2
Christopher Jones;2000-03-26;christopher_jones@sample.org;67323888-2;2010-05-11;3
Jodi Mclean;1992-08-16;jodi_mclean@testmail.com;83715733-4;2011-02-07;3
Raymond Miller;1970-12-15;raymond_miller@testmail.com;97415346-6;2010-05-29;3
Joe Garcia;2002-05-25;joe_garcia@example.com;62400669-4;2019-06-22;2
Shawn Clark;1990-01-13;shawn_clark@testmail.com;21119758-2;2019-06-03;2
Tracey Williams;1994-01-31;tracey_williams@sample.org;44315432-5;2007-04-08;1
Christian Cervantes;1972-02-02;christian_cervantes@testmail.com;10770322-0;1994-10-22;1
Malik Franklin;1970-08-01;malik_franklin@example.com;95180696-8;1994-01-17;3
Brittney Greene;1964-11-04;brittney_greene@sample.org;68264595-5;2006-02-04;2
Michael Ortiz;1974-06-10;michael_ortiz@myemail.com;54946325-5;2008-08-24;3
Michelle Henderson;1985-01-28;michelle_henderson@example.com;48881473-6;2018-11-12;2
Matthew Roman;2009-03-20;matthew_roman@sample.org;94692052-9;2009-11-24;3
Maria Odom;1972-02-25;maria_odom@sample.org;32473877-3;2015-05-26;2
Andres James;1986-04-16;andres_james@myemail.com;38180426-6;2013-04-18;4
Corey Ford;2001-03-16;corey_ford@example.com;55130736-7;1997-05-04;3
Tony Montoya;1998-06-01;tony_montoya@testmail.com;64289675-4;2018-04-13;1
Alicia Perez;1973-03-10;alicia_perez@sample.org;89331220-1;2001-11-11;3
Morgan Nguyen;1958-06-05;morgan_nguyen@myemail.com;20220849-4;2009-05-15;3
Susan Wheeler;1990-08-20;susan_wheeler@testmail.com;17567558-1;1990-07-21;3
Nicole Miller;2007-08-07;nicole_miller@myemail.com;11205642-7;1994-09-27;1
Ashley Thomas;1980-03-06;ashley_thomas@testmail.com;83012204-5;2010-11-16;1
Denise Hudson;2003-06-10;denise_hudson@sample.org;88972509-0;2014-01-24;1
Heather Thompson;1977-12-11;heather_thompson@example.com;15266047-0;1991-01-21;2
Haley Blake;1966-09-19;haley_blake@testmail.com;33508704-7;1991-04-29;4
Daniel Thompson;1969-08-05;daniel_thompson@example.com;46067644-6;2004-12-22;3
Michael Obrien;2002-12-05;michael_obrien@sample.org;75226003-6;2003-02-10;4
Antonio Gibson;1979-09-15;antonio_gibson@myemail.com;11738471-4;2017-05-14;1
Melanie Johnson;1964-03-16;melanie_johnson@myemail.com;98926968-5;2018-11-06;4
Lisa Higgins;1994-05-10;lisa_higgins@example.com;53843204-2;2008-03-20;4
Alexa Gill;1988-01-02;alexa_gill@testmail.com;45118833-8;2012-09-15;3
James Green;2002-11-28;james_green@sample.org;48986870-3;1998-10-07;4
Donald Chase;2008-02-25;donald_chase@myemail.com;14346459-4;1998-09-24;2
Daniel Nguyen;2004-06-23;daniel_nguyen@example.com;90314998-4;2005-04-28;2
Scott Jimenez;1979-06-08;scott_jimenez@sample.org;91687709-4;2016-12-04;4
Richard Cox;1964-12-21;richard_cox@example.com;18675071-0;2001-07-27;1
Robert Smith;1987-01-06;robert_smith@testmail.com;36971338-3;2021-06-29;4
Kimberly Mcdonald;2003-02-03;kimberly_mcdonald@example.com;32203843-5;2018-04-22;1
Robert Jones;2003-08-19;robert_jones@sample.org;72772388-3;1995-06-15;2
George Meyer;2006-10-28;george_meyer@example.com;33168445-0;2016-09-21;2
Kelli Gutierrez;1957-02-02;kelli_gutierrez@sample.org;22362663-9;2007-01-30;4
Justin Torres;1968-06-23;justin_torres@testmail.com;23269301-3;2004-08-12;3
Donna Garza;2003-11-01;donna_garza@sample.org;70267673-1;2003-09-15;1
Jason Franco;2003-08-28;jason_franco@example.com;10819884-5;2015-09-20;3
James Wheeler;2008-11-03;james_wheeler@example.com;70688902-2;2017-11-03;2
John Foley;2002-01-06;john_foley@testmail.com;76906996-4;2019-09-19;3
Joel Cox;1975-09-23;joel_cox@myemail.com;77688790-5;1994-12-09;4
Sandra Snyder;1997-09-29;sandra_snyder@example.com;27857419-0;2005-12-09;4
Keith Murphy;1985-11-02;keith_murphy@myemail.com;43145910-7;2004-08-23;2
Eric Newman;1965-12-21;eric_newman@myemail.com;56337765-7;1990-07-25;1
Lisa Harper;1972-12-02;lisa_harper@myemail.com;56036596-1;1990-10-08;2
James Jackson;1975-01-11;james_jackson@example.com;15576254-6;1994-08-31;3
George Ryan;1957-02-16;george_ryan@sample.org;38685503-2;2001-06-01;3
Vernon Garcia;1997-07-10;vernon_garcia@sample.org;38977747-2;1993-01-10;3
John Rice;1978-11-08;john_rice@sample.org;97970114-0;2012-09-15;1
Christy Taylor;1960-01-23;christy_taylor@myemail.com;74238822-1;1993-05-16;1
Jessica Burton;1974-04-08;jessica_burton@sample.org;99631369-2;2012-05-03;4
Kim Palmer;1961-09-06;kim_palmer@testmail.com;29755179-4;2006-02-11;2
Wendy Lopez;1979-04-22;wendy_lopez@testmail.com;63739877-4;2012-05-01;4
Joshua Rangel;1997-09-10;joshua_rangel@myemail.com;54186862-1;2014-07-08;3
Charlotte Potter;1972-09-29;charlotte_potter@testmail.com;16457219-6;2012-12-30;2
Peter Lester;2001-05-10;peter_lester@myemail.com;19130987-4;2009-12-17;2
Randy Wagner;1957-10-08;randy_wagner@sample.org;45546964-1;2011-01-23;2
Sarah Harris;1995-05-15;sarah_harris@sample.org;71120603-1;1999-03-21;4
Jose Osborn;1999-12-22;jose_osborn@myemail.com;80831713-5;2021-07-10;4
Morgan Huerta;1960-10-14;morgan_huerta@myemail.com;92404678-5;2004-04-20;2
Marissa Garcia;1957-11-19;marissa_garcia@testmail.com;20803410-5;2013-04-09;1
Carla Wright;2001-03-14;carla_wright@example.com;83773236-1;1995-04-08;3
Cynthia Brown;1965-06-29;cynthia_brown@example.com;73196588-0;1993-01-06;1
Kenneth Peters;1965-11-01;kenneth_peters@myemail.com;85338140-1;1992-08-06;3
Amy Simpson;2004-04-10;amy_simpson@myemail.com;43841189-6;2017-09-19;4
Carmen Allen;1980-05-24;carmen_allen@testmail.com;93366703-8;1995-02-20;1
William Christensen;1991-04-16;william_christensen@example.com;65716697-1;2016-11-09;2
Zachary Taylor;1988-12-08;zachary_taylor@myemail.com;48152080-4;2000-08-27;3
Todd Ochoa;1971-12-18;todd_ochoa@myemail.com;88761518-3;1990-03-24;2
Bruce Morris;1964-12-18;bruce_morris@sample.org;56207154-6;1996-11-14;4
Anthony West;1990-08-04;anthony_west@example.com;58335824-9;2010-04-12;4
Michele Lambert;1985-11-20;michele_lambert@example.com;30592475-2;2019-04-01;1
Victoria Jimenez;1962-08-09;victoria_jimenez@example.com;38548229-4;2004-02-01;3
Jessica Bradley;1984-04-20;jessica_bradley@example.com;23687202-9;1999-10-08;4
Tiffany Smith;1961-06-13;tiffany_smith@myemail.com;31463429-4;2018-11-01;4
Brianna Anderson;2006-09-30;brianna_anderson@example.com;42877756-4;1992-04-08;4
Austin Vasquez;1969-10-20;austin_vasquez@myemail.com;73460059-0;2020-09-19;3
Ashley Barajas;1954-12-24;ashley_barajas@example.com;76035464-6;1994-01-01;1
Chloe Downs;1958-10-28;chloe_downs@example.com;55580094-6;2001-07-27;2
Nicole Best;1982-10-15;nicole_best@example.com;29170583-0;2008-06-29;2
Glenn Adams;1997-09-03;glenn_adams@example.com;16778261-1;2009-01-13;3
Kimberly Hurst;1994-12-12;kimberly_hurst@testmail.com;98059528-7;1995-08-27;2
Nicholas Cooper;1968-04-11;nicholas_cooper@example.com;97898139-7;2011-01-28;2
Jessica Dorsey;1988-09-17;jessica_dorsey@testmail.com;96845153-5;2015-08-13;4
Charlene Oliver;2000-12-20;charlene_oliver@sample.org;27176592-2;2016-01-06;2
Mallory Dennis;1996-08-12;mallory_dennis@testmail.com;70639253-2;2021-11-13;4
Donna Wright;1974-07-22;donna_wright@example.com;77949425-1;2005-02-16;1
Michelle Kennedy;1964-09-15;michelle_kennedy@testmail.com;85072304-2;1992-09-15;4
Jessica Phillips;1991-01-08;jessica_phillips@sample.org;69914118-9;2007-12-20;3
Selena Hayes;1977-08-11;selena_hayes@sample.org;32970264-3;1992-07-17;4
Dawn Scott;1966-10-31;dawn_scott@myemail.com;58771664-1;2018-03-22;1
James Hull;1953-11-27;james_hull@example.com;69210727-2;1996-10-05;3
Aaron Medina;1961-09-29;aaron_medina@sample.org;60459204-5;2019-06-17;3
Jessica Scott;1997-11-02;jessica_scott@example.com;13011759-7;2019-01-07;2
Kayla Guerra;2005-12-27;kayla_guerra@sample.org;75775135-1;2016-07-06;2
Jessica Sutton;1987-01-05;jessica_sutton@testmail.com;33362409-9;1996-10-12;1
Megan Davis;1956-10-05;megan_davis@myemail.com;93576489-3;2008-06-23;4
Amy Marshall;1998-02-07;amy_marshall@sample.org;44067882-6;2004-07-03;3
Scott Ferguson;2005-09-30;scott_ferguson@testmail.com;21511207-2;1993-08-20;3
Karen Clark;1960-10-28;karen_clark@myemail.com;45527744-2;2020-03-30;1
Joseph Burnett;1992-08-25;joseph_burnett@myemail.com;60241758-9;2009-06-12;1
Christina Beck;1983-06-03;christina_beck@sample.org;54154717-9;2022-01-16;2
Benjamin Frank;1962-12-05;benjamin_frank@myemail.com;52837438-8;2009-05-21;2
Kendra Miller;1959-01-20;kendra_miller@testmail.com;94419319-5;1998-08-30;2
Michael Smith;1989-11-10;michael_smith@example.com;28309880-4;2009-01-18;3
Theresa Hawkins;2005-02-26;theresa_hawkins@example.com;93094031-0;2012-10-14;3
Karen Garcia;1993-12-29;karen_garcia@example.com;61176849-5;2010-01-12;3
Jeffrey Reynolds;1992-11-04;jeffrey_reynolds@sample.org;12296158-0;2021-10-06;2
William Bruce;1990-01-20;william_bruce@example.com;58605424-0;2012-09-25;2
Heather Howell;1998-08-23;heather_howell@example.com;76289666-9;1994-11-13;4
Amanda Wyatt;1998-04-21;amanda_wyatt@sample.org;32680056-6;2010-08-12;1
Victoria Scott;2008-08-30;victoria_scott@sample.org;71022960-2;2020-08-29;4
Spencer Dalton;1975-11-17;spencer_dalton@example.com;59015463-9;2006-02-20;1
Rebekah Michael;1984-06-01;rebekah_michael@sample.org;93794796-8;2007-07-01;3
Christopher Wall;1979-12-21;christopher_wall@myemail.com;49862942-5;2009-09-16;2
Maria Hill;2007-05-24;maria_hill@myemail.com;77292747-3;1991-08-20;3
Joshua Harvey;1958-12-14;joshua_harvey@example.com;24975710-8;2007-04-17;3
Barbara Frazier;1984-10-10;barbara_frazier@myemail.com;85067864-9;2022-08-07;2
Christian Davis;1962-05-16;christian_davis@myemail.com;58845842-4;1993-05-24;2
Diana Maldonado;1955-07-01;diana_maldonado@myemail.com;64696631-7;1992-12-16;3
Paula Arroyo;1976-07-10;paula_arroyo@sample.org;13839089-7;2006-12-01;1
Eric Simpson;1992-08-01;eric_simpson@example.com;64538804-2;2006-08-06;2
Amanda Cruz;1981-06-15;amanda_cruz@myemail.com;32268243-2;2014-11-19;1
Christina Wright;1999-03-18;christina_wright@sample.org;43692097-7;1995-10-26;2
Robin Dixon;1986-09-04;robin_dixon@example.com;31113127-4;2010-05-01;4
Monique Russell;1995-09-08;monique_russell@myemail.com;23571064-9;2003-02-11;4
Jeffery Bentley;2001-10-01;jeffery_bentley@sample.org;14681497-8;2022-05-30;2
Stephanie Stanley;2005-03-05;stephanie_stanley@testmail.com;52011912-7;1995-09-12;4
Stephanie Burns;1982-06-03;stephanie_burns@myemail.com;34730253-9;2017-04-14;3
Erin Coleman;2000-11-12;erin_coleman@sample.org;33686268-9;2018-12-19;2
Ronald Kidd;1955-12-30;ronald_kidd@example.com;44898711-0;2013-04-27;2
Rebecca Rush;1984-05-18;rebecca_rush@example.com;39564150-0;1990-11-16;2
Daniel Garcia;1962-06-16;daniel_garcia@testmail.com;56732824-1;1995-07-03;2
Cynthia Horton;1979-10-05;cynthia_horton@example.com;83559015-8;1994-11-15;2
Jodi Finley;1963-03-27;jodi_finley@sample.org;67172701-5;2005-08-16;1
Mike Day;1991-12-23;mike_day@testmail.com;73761415-5;2000-04-06;2
Brittney Duran;2006-12-28;brittney_duran@myemail.com;45829065-1;2000-05-24;1
Daniel Brown;1986-07-12;daniel_brown@testmail.com;31319335-4;2005-07-08;1
Kyle Horton;1985-09-11;kyle_horton@example.com;14220513-1;1994-02-25;1
Lori Compton;1968-07-20;lori_compton@sample.org;60004596-4;2001-01-22;1
Brittany Haney;1973-06-30;brittany_haney@myemail.com;20152592-1;2006-06-06;2
Richard Williams;2003-11-18;richard_williams@sample.org;71353156-9;1992-11-30;1
Anthony Saunders;1972-08-14;anthony_saunders@myemail.com;75228045-0;2001-09-09;4
Ryan Hughes;1971-10-15;ryan_hughes@myemail.com;52988370-2;1999-03-27;4
Ronald Sanchez;1979-08-07;ronald_sanchez@example.com;66929769-4;2010-08-15;2
Jake Jones;2008-12-14;jake_jones@example.com;36017299-4;1992-06-17;3
Ryan Hebert;1989-09-06;ryan_hebert@example.com;34966037-8;1998-10-18;1
Phillip Daniel;2002-02-17;phillip_daniel@example.com;54455094-1;2008-04-01;1
Maria Blair;1968-05-04;maria_blair@myemail.com;23642415-6;2013-06-18;4
Brent Morgan;1981-05-03;brent_morgan@example.com;76234614-3;2017-03-04;2
Timothy Kent;1971-11-27;timothy_kent@sample.org;43856858-5;1993-08-02;2
Christopher Robinson;2003-11-07;christopher_robinson@testmail.com;85962736-2;1997-05-24;1
Janice Garner;1966-06-28;janice_garner@sample.org;32139524-0;1997-08-01;1
Sean Brown;1959-09-19;sean_brown@example.com;46064448-2;2012-11-08;1
Thomas Pham;1966-08-22;thomas_pham@myemail.com;12166544-9;2011-06-30;4
David Alexander;1971-08-17;david_alexander@example.com;72046252-8;2009-05-21;3
Daniel Moore;1959-07-06;daniel_moore@myemail.com;51383025-5;2001-10-15;2
Jeffrey Taylor;1971-05-10;jeffrey_taylor@myemail.com;68584243-7;2013-11-02;4
Benjamin Johnson;1996-04-04;benjamin_johnson@myemail.com;30589386-6;2017-11-18;4
Ralph Garcia;2008-04-20;ralph_garcia@example.com;76189433-2;2012-05-06;1
Lori Ruiz;1994-10-17;lori_ruiz@myemail.com;42367211-2;2014-11-08;3
Richard Taylor;1984-07-23;richard_taylor@myemail.com;78448733-9;2010-05-05;2
Karen Bell;2000-11-17;karen_bell@testmail.com;62257512-2;2014-03-18;1
Caroline Turner;1986-05-21;caroline_turner@example.com;51254572-5;2006-03-27;4
Marcus Stewart;1987-02-09;marcus_stewart@testmail.com;37587985-2;1996-11-17;4
Holly Taylor;1976-05-16;holly_taylor@sample.org;52104604-0;2003-12-11;2
Anthony Patel;1970-12-17;anthony_patel@myemail.com;20180526-8;2013-11-05;1
Todd Palmer;1972-08-27;todd_palmer@testmail.com;35723446-7;2007-05-06;1
Bruce Wall;1957-04-24;bruce_wall@testmail.com;76958103-0;2022-09-25;4
Taylor Smith;1974-09-28;taylor_smith@sample.org;27037048-1;invalid-date;3
Paige Miller;1974-08-02;paige_miller@myemail.com;25183503-2;1991-12-16;1
Phillip Smith;2005-05-27;phillip_smith@myemail.com;54903187-9;1996-01-20;3
Molly Hernandez;1962-04-06;molly_hernandez@example.com;91358821-1;2000-08-06;4
Joy Williams;1988-09-16;joy_williams@testmail.com;92997152-0;1997-01-28;2
Alejandro Krueger;1998-09-07;alejandro_krueger@testmail.com;33070803-4;2016-06-16;4
Melissa Rios;1985-02-18;melissa_rios@example.com;47363896-8;2004-06-02;1
Maria Jackson;1988-06-08;maria_jackson@example.com;77979878-5;2015-11-09;2
Christy Smith;1988-02-09;christy_smith@testmail.com;36405464-8;1992-09-03;3
Ryan Alexander;2000-06-15;ryan_alexander@example.com;81004850-9;2022-05-03;4
Christopher Gonzales;2006-05-23;christopher_gonzales@myemail.com;92911648-1;2012-12-04;4
Alexander Watkins;2009-03-18;alexander_watkins@myemail.com;15344622-6;2003-02-21;1
Harold Anderson;1997-05-24;harold_anderson@sample.org;97555325-2;1995-11-20;1
Michael Williams;1962-09-01;michael_williams@sample.org;52999691-6;1994-07-08;2
Kayla Riley;1983-07-23;kayla_riley@myemail.com;57417223-1;2012-08-13;1
Brett Pham;2006-06-15;brett_pham@example.com;22055412-8;2006-04-06;2
David Levy;1962-04-02;david_levy@example.com;33961884-1;2008-09-18;1
Diana Carlson;1993-06-02;diana_carlson@testmail.com;94568222-4;2002-09-08;1
Michael Morgan;1977-03-26;michael_morgan@testmail.com;51378991-9;2017-06-29;4
Catherine Anderson;2008-03-24;catherine_anderson@sample.org;11276887-3;2016-01-26;4
Scott Jones;1989-10-23;scott_jones@sample.org;86168075-3;2015-12-12;3
Benjamin Hill;1970-10-07;benjamin_hill@myemail.com;18317628-3;2015-01-23;3
Rebecca Jimenez;1975-09-05;rebecca_jimenez@myemail.com;28228349-2;2022-12-10;3
Karen Huang;2009-10-27;karen_huang@example.com;52229749-0;2007-12-06;2
Joshua Davis;1985-02-22;joshua_davis@sample.org;78786847-6;1998-05-23;3
Andrew Boyd;1989-09-12;andrew_boyd@myemail.com;66017913-9;2000-09-12;1
Christine Jenkins;2002-09-26;christine_jenkins@myemail.com;11294965-1;2012-03-22;1
Stacie Henson;1955-05-31;stacie_henson@example.com;75014744-9;2016-04-08;2
Joseph Montes;1990-10-17;joseph_montes@sample.org;32831739-2;2019-03-27;2
Christine Cisneros;1973-04-23;christine_cisneros@myemail.com;20373451-0;2008-08-18;3
Kristin Carr;1995-04-22;kristin_carr@example.com;24518136-6;2009-09-12;2
Zachary Hanson;1971-12-16;zachary_hanson@sample.org;88315684-6;2021-06-05;3
Taylor Rogers;1979-02-18;taylor_rogers@testmail.com;82545412-4;2019-05-30;2
Caitlin Williams;1984-05-28;caitlin_williams@testmail.com;22701512-1;2020-01-02;3
Taylor Lambert;1955-09-02;taylor_lambert@testmail.com;87075447-2;2017-11-05;4
Rebecca Curtis;1967-11-06;rebecca_curtis@myemail.com;85990633-5;2000-08-26;2
Gabriela Chambers;1985-12-16;gabriela_chambers@sample.org;92982564-1;1993-09-17;3
Scott Hansen;1961-02-24;scott_hansen@example.com;72711541-2;2006-01-20;3
Margaret Jimenez;1979-05-06;margaret_jimenez@sample.org;23459097-0;1994-11-21;1
James Kelly;2001-04-29;james_kelly@sample.org;49040675-5;2013-12-25;2
Abigail Friedman;1985-09-02;abigail_friedman@example.com;46512917-9;1993-12-28;1
Donald Lopez;2000-04-26;donald_lopez@sample.org;38558175-5;1994-12-26;1
Suzanne Pennington;1983-08-30;suzanne_pennington@sample.org;24113939-9;2000-05-10;4
Thomas Horton;1960-07-13;thomas_horton@sample.org;19566781-7;2010-03-12;1
Thomas Espinoza;1986-03-31;thomas_espinoza@myemail.com;61653314-4;2014-10-15;2
Tiffany Castillo;1954-07-30;tiffany_castillo@sample.org;24834057-9;2008-04-30;2
Christopher Powell;1974-03-13;christopher_powell@testmail.com;64075560-3;1996-11-10;1
Derek Willis;1961-05-23;derek_willis@testmail.com;64495846-4;2007-04-29;4
Amber Miller;1954-02-16;amber_miller@example.com;94460578-5;2008-11-30;3
Blake Soto;1984-07-06;blake_soto@testmail.com;33569952-5;2015-01-01;2
Kelsey Smith;2009-05-08;kelsey_smith@myemail.com;30380578-6;1996-03-20;1
Gabriel Smith;1980-08-30;gabriel_smith@testmail.com;12784511-9;1996-07-31;3
Theresa Moore;2007-03-09;theresa_moore@example.com;10726074-8;1997-01-15;2
Denise Walker;1961-10-27;denise_walker@testmail.com;48321893-6;1996-01-06;3
Hannah Gonzalez;2006-05-22;hannah_gonzalez@testmail.com;43104269-9;1996-02-23;2
Stephen Holmes;2000-08-29;stephen_holmes@myemail.com;91514114-7;2021-05-21;2
Maria Mills;1964-07-22;maria_mills@sample.org;47447639-3;2019-08-20;4
Hector Ramirez;2001-11-03;hector_ramirez@sample.org;68563182-9;2014-12-08;2
Gabrielle Harris;1980-06-18;gabrielle_harris@myemail.com;39227140-5;2013-02-06;3
Brittany Mckay;1971-02-04;brittany_mckay@testmail.com;49962023-6;2010-12-15;3
Rebecca Wall;1983-11-06;rebecca_wall@example.com;14048686-0;2010-07-17;1
Herbert Johnson;1982-02-06;herbert_johnson@sample.org;26227123-1;2018-12-25;2
Shirley Oliver;1964-05-20;shirley_oliver@example.com;33131534-5;2005-05-01;3
Donna Wolfe;2008-07-09;donna_wolfe@testmail.com;64452071-3;2021-12-14;2
Kathleen Anderson;1971-06-08;kathleen_anderson@sample.org;77698979-7;2013-06-25;4
Michael Lawson;1954-12-03;michael_lawson@testmail.com;98119396-3;2009-01-30;1
Jonathan Gomez;1974-02-26;jonathan_gomez@myemail.com;30109965-3;2022-12-09;1
Adam Wilson;1961-07-28;adam_wilson@sample.org;56345682-8;1999-04-20;4
Natalie Vang;2006-04-20;natalie_vang@testmail.com;58736398-0;1997-12-16;2
Sergio Porter;1975-07-13;sergio_porter@sample.org;81688209-3;2000-07-13;2
Tammy Abbott;2001-04-20;tammy_abbott@myemail.com;49508054-4;1994-06-27;1
Karen Anthony;1969-04-21;karen_anthony@myemail.com;15982615-8;2016-07-13;4
Joshua Smith;1985-07-16;joshua_smith@testmail.com;12975890-9;2004-01-15;1
Amanda Jordan;1960-07-02;amanda_jordan@example.com;96369348-4;2004-08-30;1
Julie Brown;2005-03-05;julie_brown@example.com;13663533-0;2000-07-03;4
Dan Thompson;1978-06-09;dan_thompson@testmail.com;43435679-1;2019-06-16;4
Angela Montgomery;1970-01-30;angela_montgomery@example.com;30244017-7;2004-06-12;3
Briana Harding;1999-09-07;briana_harding@testmail.com;11765598-9;2000-10-18;1
Ronald Adams;1998-08-09;ronald_adams@sample.org;71808121-5;2017-04-15;4
Michael Clark;1979-04-21;michael_clark@myemail.com;64085881-9;2022-04-18;3
Andrea Hughes;1982-06-18;andrea_hughes@example.com;64366158-6;2015-10-24;3
Shawn Hodges;2002-12-03;shawn_hodges@myemail.com;71882176-6;1993-10-05;2
Michael Moore;1986-11-25;michael_moore@sample.org;18520946-0;2016-09-27;3
Adrian Roberts;1999-08-22;adrian_roberts@myemail.com;44862444-4;1997-03-11;1
Cory Burns;1959-02-21;cory_burns@example.com;36860883-7;1990-08-13;4
Ashley Skinner;1987-08-25;ashley_skinner@sample.org;71475268-5;2017-01-11;3
Raymond Mason;1978-10-08;raymond_mason@sample.org;89187454-3;1997-07-02;1
Erika Obrien;1982-09-18;erika_obrien@testmail.com;78493117-4;1995-11-03;2
Anna Buchanan;1982-03-06;anna_buchanan@sample.org;32413583-8;2013-07-12;4
Diana Baker;1998-02-10;diana_baker@myemail.com;80460806-0;2018-12-12;3
Mary Velasquez;1982-10-01;mary_velasquez@sample.org;25513327-6;1992-08-24;1
Christopher Davenport;1980-05-16;christopher_davenport@example.com;91579645-2;1993-03-30;4
Nicole Schroeder;1986-06-03;nicole_schroeder@testmail.com;17321633-6;1990-05-19;3
Joanna Terry;1997-11-01;joanna_terry@myemail.com;75780685-9;2015-01-05;3
Bailey Mack;2006-09-20;bailey_mack@testmail.com;97964579-3;2014-12-21;3
Jared White;2005-08-18;jared_white@sample.org;39599423-3;1990-07-31;4
Ashley Fowler;1971-02-01;ashley_fowler@testmail.com;66629654-4;2020-02-19;1
Elizabeth King;1968-12-25;elizabeth_king@example.com;25521114-5;1998-10-10;2
Jonathan Lewis;1980-08-11;jonathan_lewis@testmail.com;73461586-8;2007-09-18;4
Jason Collins;1963-10-10;jason_collins@myemail.com;49810404-7;2015-03-31;2
Paul Guerra;1972-04-24;paul_guerra@myemail.com;70465888-2;2013-09-14;2
Carrie Kim;1985-06-19;carrie_kim@example.com;27235407-8;2001-07-03;3
Phillip Farmer;2006-06-14;phillip_farmer@example.com;65073564-4;2003-10-12;4
David Kline;1995-12-27;david_kline@myemail.com;86335549-9;2004-11-03;2
Eric Chang;2006-10-07;eric_chang@myemail.com;85396452-7;2020-06-04;3
Jennifer Alexander;1986-03-27;jennifer_alexander@myemail.com;21355593-9;2021-09-05;4
Ronald Peterson;1989-01-22;ronald_peterson@testmail.com;68325591-8;2005-03-07;1
Katherine Rose;2002-07-25;katherine_rose@sample.org;80616862-4;2005-10-25;4
Joseph Thompson;2003-02-04;joseph_thompson@testmail.com;16349186-2;2003-09-09;3
Stephanie Davis;1959-11-19;stephanie_davis@sample.org;42174717-7;2018-03-31;1
James Miller;2002-06-09;james_miller@example.com;72154371-9;2006-08-25;3
Katherine Thomas;1999-02-11;katherine_thomas@myemail.com;47864507-5;2017-07-22;4
Lisa Alvarez;1959-03-10;lisa_alvarez@testmail.com;17968844-8;2014-04-16;3
Joseph Cordova;1967-07-11;joseph_cordova@myemail.com;74235488-1;2003-09-01;4
Robert Reed;1994-07-01;robert_reed@example.com;29668020-5;2022-03-22;3
Brandon Orozco;1957-02-08;brandon_orozco@testmail.com;22816824-3;2001-10-13;4
Sharon King;2008-08-18;sharon_king@testmail.com;53982691-1;2010-02-06;4
Jocelyn Bowman;1971-04-13;jocelyn_bowman@example.com;97504223-1;2016-08-02;4
David Duran;1985-10-02;david_duran@myemail.com;73828750-4;2013-03-03;3
Kathleen Reed;2005-12-03;kathleen_reed@sample.org;25566351-1;2018-11-04;2
Jonathan Hanna;1967-12-22;jonathan_hanna@sample.org;80933615-5;2021-03-28;2
Frank Bishop;1957-01-27;frank_bishop@testmail.com;92272945-3;2008-07-15;2
Whitney Wheeler;1974-07-29;whitney_wheeler@testmail.com;23215691-7;2000-06-19;2
Robin Sparks;2003-10-15;robin_sparks@testmail.com;86472137-1;2021-03-28;2
John Doyle;1971-08-17;john_doyle@example.com;79444178-7;1999-05-04;4
Michael Michael;1978-09-02;michael_michael@sample.org;80329307-1;1995-01-04;4
Vanessa Goodwin;1965-05-10;vanessa_goodwin@example.com;69402427-6;1992-01-24;4
Rachel Shaw;1982-09-18;rachel_shaw@testmail.com;49919529-7;1997-07-01;1
Christopher Ryan;1990-04-07;christopher_ryan@example.com;51774201-5;1996-01-18;1
Harold Palmer;1984-01-07;harold_palmer@myemail.com;45471971-1;2004-05-06;4
Kristen Lloyd;2006-11-07;kristen_lloyd@myemail.com;95743320-6;2022-02-03;2
Tiffany Dawson;1956-10-18;tiffany_dawson@example.com;61839805-2;1990-06-24;3
James Macias;1996-10-20;james_macias@myemail.com;90721616-1;2024-13-40;3
Jason Liu;1957-06-12;jason_liu@example.com;49372466-8;2011-02-08;3
Kevin Hall;1958-08-01;kevin_hall@sample.org;95180003-5;1994-06-02;3
Alexis Williams;2001-02-21;alexis_williams@sample.org;50914424-9;2002-05-26;2
Natalie Colon;1979-11-11;natalie_colon@testmail.com;38423676-3;2019-09-01;1
Christine Ho;1961-06-14;christine_ho@sample.org;62155358-3;1993-09-13;2
Dorothy Olson;1974-08-26;dorothy_olson@testmail.com;77279667-2;2000-11-11;2
Steven Costa;1997-08-31;steven_costa@sample.org;55138007-6;2000-09-29;4
Kathryn Sandoval;1969-02-20;kathryn_sandoval@testmail.com;85548772-1;2020-07-14;3
Jenna Jones;1974-09-29;jenna_jones@myemail.com;85044857-7;1997-09-30;2
Thomas Hull;1960-07-31;thomas_hull@testmail.com;38379232-2;2014-08-08;1
Patricia Young;1972-04-21;patricia_young@sample.org;33134925-7;2010-01-12;1
Justin Gamble;1988-07-27;justin_gamble@testmail.com;28194550-7;2007-02-10;2
Shaun Wang;1971-10-28;shaun_wang@sample.org;95637265-0;2005-04-23;3
Amy Grant;1970-03-04;amy_grant@myemail.com;29521877-4;2017-07-26;2
Pamela Lowe;1986-11-16;pamela_lowe@example.com;35450066-0;2008-01-11;3
April Medina;1999-08-09;april_medina@example.com;36827674-7;2005-05-17;3
Tina Ramirez;1966-04-30;tina_ramirez@example.com;77637797-6;2020-04-29;4
Jeanne Rollins;1971-03-07;jeanne_rollins@example.com;74646411-2;2008-08-31;3
Michael Williams;1969-01-22;michael_williams@testmail.com;86041222-6;2007-11-18;3
Nicholas Davenport;1973-06-13;nicholas_davenport@myemail.com;75266647-9;2013-08-05;1
James Graham;1966-08-22;james_graham@myemail.com;28248765-3;2018-02-22;1
Isaac Gibson;1974-10-03;isaac_gibson@sample.org;88503972-8;2018-09-19;1
Teresa Freeman;2006-09-08;teresa_freeman@sample.org;16195652-7;1993-12-24;1
Linda Hodges;1963-12-28;linda_hodges@sample.org;56256113-1;1997-01-07;3
Chase Burns;1956-10-02;chase_burns@testmail.com;35513514-4;2013-05-21;1
Amanda Potter;1999-11-21;amanda_potter@sample.org;56701582-0;2015-12-01;4
Karen Taylor;1977-05-02;karen_taylor@sample.org;32811895-1;1998-11-23;3
Benjamin Barker;1965-10-27;benjamin_barker@example.com;16795907-7;2009-01-15;2
Amy Martin;1986-06-11;amy_martin@testmail.com;65798975-8;2021-11-15;2
Jennifer David;1971-02-04;jennifer_david@testmail.com;58414703-0;2003-10-14;2
Tracy Gray;1969-11-21;tracy_gray@testmail.com;84175922-0;2009-08-19;4
Robert Meyer;1989-12-06;robert_meyer@testmail.com;46628141-2;2021-09-30;4
Jonathan Barker;1962-08-20;jonathan_barker@testmail.com;73427231-5;1994-11-11;4
Christian Hogan;1989-05-12;christian_hogan@testmail.com;41031581-3;2001-11-16;4
Donna Weaver;1959-07-06;donna_weaver@testmail.com;17027225-9;1991-05-24;1
Gabriel Harmon;1956-03-08;gabriel_harmon@myemail.com;83632187-7;2022-03-16;3
Renee Flores;1961-04-22;renee_flores@sample.org;92481940-5;2013-05-11;3
Kyle Webb;1989-04-14;kyle_webb@myemail.com;67747990-4;2012-09-26;1
Angelica Morgan;1960-10-27;angelica_morgan@sample.org;40495882-5;2016-08-21;1
Gerald Martin;1975-05-27;gerald_martin@sample.org;95982180-1;2016-05-30;4
Leslie Woodward;1956-03-05;leslie_woodward@sample.org;37599248-8;2016-08-19;3
Laura Shields;1987-07-26;laura_shields@sample.org;69310580-5;2011-07-28;2
Danielle Wilcox;1995-02-06;danielle_wilcox@testmail.com;31988032-4;1994-12-23;4
Cheryl Lin;1995-06-20;cheryl_lin@testmail.com;97055576-6;2015-07-01;1
Kimberly Jackson;1962-05-02;kimberly_jackson@sample.org;94953137-5;2019-08-21;2
Christopher Casey;1982-06-13;christopher_casey@myemail.com;99383961-5;2021-08-17;3
Savannah Brown;2007-11-03;savannah_brown@sample.org;95090573-5;2006-07-27;4
Jay Roman;1981-11-23;jay_roman@sample.org;46270904-9;1995-08-03;3
Brady Owen;1989-10-19;brady_owen@example.com;74015364-6;2016-11-18;1
Ryan Reid;1981-05-09;ryan_reid@example.com;57399555-1;2000-12-19;4
Christine Sanchez;1978-11-27;christine_sanchez@testmail.com;47315874-8;2014-10-09;2
Samantha Schmidt;1958-01-11;samantha_schmidt@testmail.com;45240293-4;1995-09-19;4
Charles Gomez;1993-11-10;charles_gomez@testmail.com;31533269-6;2020-10-04;1
Dawn Saunders;1993-07-04;dawn_saunders@sample.org;95071183-9;2000-01-25;3
Laura Frey;1955-08-18;laura_frey@myemail.com;72409609-9;1991-01-09;2
Andrea Smith;1988-10-01;andrea_smith@testmail.com;72988237-4;2021-08-03;2
Peter Wilkinson;1980-11-22;peter_wilkinson@sample.org;96869417-6;2004-05-18;2
Stephen Velasquez;1959-09-18;stephen_velasquez@sample.org;90914201-9;1999-09-15;2
Renee Clark;1977-11-24;renee_clark@example.com;84480472-0;2003-04-15;4
Tony Conner;1960-10-04;tony_conner@myemail.com;92411635-5;2005-11-11;4
James Wood;1968-04-18;james_wood@myemail.com;25751984-3;1990-07-31;3
Janet Mullins;1987-02-06;janet_mullins@testmail.com;11744684-6;1990-12-25;3
Allen Howard;1982-10-13;allen_howard@sample.org;99651877-2;1996-04-01;2
Lance Hicks;1968-01-13;lance_hicks@example.com;92361773-9;2011-06-26;3
Casey Miller;1970-01-26;casey_miller@testmail.com;48649223-7;2022-03-30;4
Sabrina Kline;1985-07-18;sabrina_kline@testmail.com;87268987-0;2014-04-13;1
Ann Berry;2000-03-07;ann_berry@sample.org;23694989-3;2002-12-20;2
William Fischer;1992-03-01;william_fischer@testmail.com;41452663-0;2014-03-03;2
Juan Cox;1992-07-09;juan_cox@sample.org;79449198-9;2003-12-19;4
Matthew Gray;1972-11-10;matthew_gray@example.com;57268896-8;2016-01-19;3
Elizabeth Martinez;1983-05-07;elizabeth_martinez@testmail.com;34931649-4;2011-05-15;1
Ryan Hale;1980-01-05;ryan_hale@example.com;88498323-5;2001-04-06;1
Alexandra Smith;1993-10-20;alexandra_smith@testmail.com;28391114-0;2014-06-05;2
Sara Cook;2009-09-01;sara_cook@example.com;72206041-6;1999-11-27;3
Alexa Hubbard;1999-10-05;alexa_hubbard@testmail.com;86300775-3;2018-01-02;2
Amber Hayes;1989-07-07;amber_hayes@example.com;16947473-7;2015-02-20;3
Michael Thomas;2008-02-08;michael_thomas@sample.org;59344357-0;2011-11-20;2
Edwin Smith;1975-11-26;edwin_smith@myemail.com;92073370-2;1997-08-25;1
Elizabeth Wolfe;2006-01-16;elizabeth_wolfe@example.com;17198380-4;1996-06-10;3
Antonio Robertson;1968-07-04;antonio_robertson@sample.org;33422117-8;2010-03-11;1
Chloe Smith;1962-09-08;chloe_smith@example.com;56996885-5;2016-01-06;3
Lindsay Flores;2002-08-02;lindsay_flores@example.com;87986985-0;2007-05-08;1
Phillip White;1977-10-08;phillip_white@sample.org;83656598-9;1991-02-06;2
Nicholas Oneal;1997-07-12;nicholas_oneal@myemail.com;18819091-4;2016-01-08;3
Patricia King;1998-04-15;patricia_king@myemail.com;25422726-3;2002-02-27;3
Amber Flynn;1986-07-04;amber_flynn@myemail.com;44743625-8;2025-02-30;3
Joseph Johnson;1984-06-19;joseph_johnson@myemail.com;39721088-8;2021-12-15;2
Timothy Clayton;1989-08-17;timothy_clayton@testmail.com;82515578-2;1999-02-19;3
Michael Trujillo;1994-07-10;michael_trujillo@myemail.com;37242121-2;2017-08-07;4
Sean Williams;1990-12-11;sean_williams@testmail.com;27593194-3;2018-07-16;2
Rachel Le;1969-04-15;rachel_le@example.com;84201038-0;2007-03-04;4
Amanda Robinson;1964-05-28;amanda_robinson@testmail.com;23723544-0;1997-05-29;3
Joanna Rosales;1969-02-18;joanna_rosales@testmail.com;45467706-1;2000-01-11;1
Jared Cummings;1976-09-11;jared_cummings@example.com;77514792-5;1997-03-03;3
Nancy Owens;1955-06-09;nancy_owens@example.com;19349352-1;2014-10-26;4
Rebecca Howard;2003-11-26;rebecca_howard@example.com;94182409-3;2017-03-10;3
Adam Frye;1983-12-04;adam_frye@example.com;93192450-2;2004-09-04;2
Linda White;2008-01-31;linda_white@myemail.com;85939073-8;1996-07-02;3
Ashley Huang;1978-05-13;ashley_huang@myemail.com;31925751-3;2001-12-16;3
Adam Fisher;1973-10-18;adam_fisher@myemail.com;25411589-7;1994-01-21;2
Mark Turner;1975-11-20;mark_turner@testmail.com;47655499-4;2008-06-16;4
Lindsey Hernandez;2008-04-03;lindsey_hernandez@example.com;65506804-2;1993-04-25;4
Kathryn Bell;1955-05-04;kathryn_bell@myemail.com;95790635-7;1995-12-17;1
Nicole Ross;2008-07-05;nicole_ross@testmail.com;59686775-1;2019-10-07;3
Jared Flores;1984-12-11;jared_flores@sample.org;75250398-2;2013-04-06;2
Alice Ponce;1958-12-12;alice_ponce@sample.org;20985921-2;2007-08-19;3
Natalie Riddle;1981-09-14;natalie_riddle@example.com;13443249-3;1990-11-04;4
Richard Wall;1984-07-22;richard_wall@myemail.com;96958248-9;2000-09-12;4
Christopher Myers;1957-12-12;christopher_myers@myemail.com;51981841-7;2000-01-25;2
Joseph Medina;1971-07-27;joseph_medina@testmail.com;20155405-4;2019-09-18;4
Alexander Navarro;1977-12-07;alexander_navarro@myemail.com;91141649-1;2012-11-29;1
Tony Norton;1974-12-07;tony_norton@testmail.com;77719984-6;2007-04-29;3
Melissa Ward;1980-01-12;melissa_ward@example.com;37798137-9;2000-07-25;2
Danielle Walker;2007-02-11;danielle_walker@example.com;66647986-5;1996-08-14;2
Jeffrey Donovan;1999-04-16;jeffrey_donovan@myemail.com;11642862-3;2008-08-31;4
Michael Robertson;1997-08-23;michael_robertson@myemail.com;87033231-2;2009-04-26;3
Abigail Johnson;1990-02-14;abigail_johnson@example.com;24959830-4;2009-09-17;4
Susan Lewis;1983-11-26;susan_lewis@myemail.com;71645459-0;1992-05-17;2
Holly Lee;1985-12-11;holly_lee@testmail.com;61710957-9;2001-09-02;1
Chelsea Fuller;1996-01-22;chelsea_fuller@sample.org;26110299-5;2014-02-24;2
George Trujillo;2008-09-23;george_trujillo@testmail.com;57793085-4;2022-04-11;2
Mandy Burnett;2007-04-23;mandy_burnett@testmail.com;72230861-6;2019-07-06;3
William Kelly;1989-08-15;william_kelly@sample.org;21443928-3;2002-02-22;1
Lisa Watson;1971-07-22;lisa_watson@example.com;69711039-5;2008-04-01;3
Joshua Scott;1967-03-01;joshua_scott@example.com;65747555-2;1995-12-23;2
Janet Wright;1969-08-17;janet_wright@myemail.com;26638603-7;2008-03-23;3
Karen Lee;1961-11-16;karen_lee@example.com;82796830-9;2009-02-15;3
Margaret Shaw;1977-05-17;margaret_shaw@example.com;74477531-6;1997-11-14;1
Ricky Green;1974-09-08;ricky_green@myemail.com;14595316-1;2005-07-15;4
Joseph Richards;1968-08-18;joseph_richards@sample.org;75587939-5;2005-08-20;3
Grant Dickson;1959-07-06;grant_dickson@example.com;72748484-3;1996-05-25;4
Reginald Alexander;2009-09-24;reginald_alexander@sample.org;14542196-2;1996-05-09;1
Luis Hernandez;1994-12-25;luis_hernandez@sample.org;40804401-4;1998-05-09;4
Benjamin Jackson;1995-09-25;benjamin_jackson@myemail.com;27698660-0;1999-11-18;3
Jessica Cabrera;1989-02-17;jessica_cabrera@sample.org;99146773-1;1997-01-14;3
Stephen Le;2001-11-14;stephen_le@example.com;12193941-0;2006-09-06;4
Tiffany Padilla;1962-01-01;tiffany_padilla@myemail.com;66460327-5;2016-05-15;3
Susan Hudson;1954-11-19;susan_hudson@sample.org;83909424-0;1991-11-22;2
Emily Hill;1964-09-21;emily_hill@example.com;28076099-8;2021-06-02;2
Pamela Marks;1979-05-26;pamela_marks@example.com;84697394-0;2009-03-26;2
Anthony Hawkins;1957-04-26;anthony_hawkins@sample.org;22394420-6;2002-07-05;3
Nicholas Jordan;1965-12-11;nicholas_jordan@myemail.com;68984714-3;1990-03-03;2
Amanda Villegas;1996-10-18;amanda_villegas@example.com;51539533-4;2014-12-24;3
Natalie White;1981-02-14;natalie_white@myemail.com;83935639-5;2015-11-06;1
Tiffany Gardner;1981-07-13;tiffany_gardner@example.com;89739191-0;1994-09-14;3
Andrew Crawford;1986-05-22;andrew_crawford@testmail.com;45395766-8;2013-04-28;4
Aaron Castillo;1968-08-09;aaron_castillo@sample.org;36290533-6;2011-09-25;2
Michael Pace;2004-09-05;michael_pace@sample.org;37593263-3;1992-12-06;3
Beth Price;1957-05-08;beth_price@myemail.com;37613108-3;1998-04-27;2
Sarah Freeman;1998-05-13;sarah_freeman@testmail.com;83427527-4;2017-11-18;3
Caleb Campbell;1964-05-21;caleb_campbell@sample.org;32749497-5;1999-01-26;3
Christopher Ray;1968-03-14;christopher_ray@example.com;89691351-2;2018-09-21;3
James Carr;2004-12-15;james_carr@testmail.com;49961248-5;2018-10-06;1
Joseph Herrera;1967-03-18;joseph_herrera@testmail.com;97872087-7;2019-02-23;1
Angela Robinson;1998-05-06;angela_robinson@sample.org;38010154-7;2003-07-27;3
Courtney Martin;1961-12-17;courtney_martin@example.com;43478905-1;2004-09-13;3
Amy Butler;1960-08-25;amy_butler@testmail.com;42286463-8;2005-04-26;2
Douglas Vincent;1984-05-04;douglas_vincent@example.com;48008157-4;2021-08-07;2
Tara Hughes;1990-03-14;tara_hughes@sample.org;90781315-6;1995-03-15;3
Virginia Bell;1985-12-08;virginia_bell@example.com;64111592-9;2007-03-08;3
Kelly Adkins;2005-04-03;kelly_adkins@testmail.com;34492767-5;2002-08-22;1
Joseph Becker;1955-03-11;joseph_becker@myemail.com;90326857-0;2001-04-28;1
Amy Carpenter;1965-10-24;amy_carpenter@example.com;97847241-2;2015-05-01;4
Kimberly Freeman;1984-10-08;kimberly_freeman@myemail.com;94863087-0;2010-05-11;1
Emily Brown;1967-12-07;emily_brown@myemail.com;28944670-7;1996-11-30;1
Lisa Downs;1975-08-21;lisa_downs@myemail.com;33804030-9;1997-01-12;3
Tony Martin;1992-08-08;tony_martin@myemail.com;28830404-7;2013-10-28;4
William Reynolds;1990-02-03;william_reynolds@sample.org;42602760-4;2013-04-27;1
Andrea Brown;1979-10-03;andrea_brown@myemail.com;92535772-0;1997-01-01;2
Robin James;1966-06-22;robin_james@myemail.com;90527003-8;1990-11-11;3
Tracie Duncan;1964-10-27;tracie_duncan@example.com;77119471-5;2022-11-29;2
Brandon Wallace;2002-02-09;brandon_wallace@sample.org;34241883-4;2002-10-28;2
Anna Duncan;1966-10-10;anna_duncan@sample.org;41840208-2;2017-08-16;2
Stephen Pratt;1968-02-25;stephen_pratt@myemail.com;47909094-8;1997-03-28;3
Laura Salinas;1958-12-26;laura_salinas@example.com;31044695-3;2002-01-01;1
Michelle Johnson;2001-11-28;michelle_johnson@example.com;48024444-4;2007-06-22;1
Rebecca Young;1995-01-04;rebecca_young@sample.org;80668301-4;2016-01-18;4
Daniel Mendoza;1975-11-18;daniel_mendoza@testmail.com;67540839-8;2018-03-12;2
Marc Lopez;1997-10-28;marc_lopez@myemail.com;12937776-2;2019-09-18;4
Matthew Shaw;1974-05-12;matthew_shaw@testmail.com;27206857-9;2003-05-11;3
Matthew Vaughn;2007-06-02;matthew_vaughn@testmail.com;59659140-4;1994-08-04;1
Rachel Wilkerson;1982-08-29;rachel_wilkerson@sample.org;77059060-2;2014-05-17;2
Jessica Meyer;1967-10-06;jessica_meyer@example.com;97920333-8;2021-07-06;2
Tina Klein;1968-06-08;tina_klein@sample.org;12503541-1;2014-12-17;4
Christina Taylor;1970-03-16;christina_taylor@testmail.com;12530836-7;2015-03-02;2
Jade Garcia;1999-01-16;jade_garcia@testmail.com;65854758-7;1994-09-12;2
Patrick Combs;1970-01-15;patrick_combs@myemail.com;87491322-5;2011-10-24;1
Carol Smith;1990-08-15;carol_smith@sample.org;30205949-2;2020-08-01;4
Christine Robbins;1970-12-05;christine_robbins@example.com;98581950-0;1992-02-22;1
Denise Lewis;1968-12-06;denise_lewis@example.com;19752471-1;2020-04-21;2
Timothy Torres;1960-08-09;timothy_torres@myemail.com;50552525-0;1990-04-08;2
Shannon Allen;1991-06-03;shannon_allen@testmail.com;93859490-8;2000-02-29;2
David Hill;1970-08-24;david_hill@sample.org;36119568-0;2020-10-04;1
Bernard Perez;1985-06-12;bernard_perez@testmail.com;17942852-6;2004-06-26;4
Danielle Reid;1965-07-27;danielle_reid@testmail.com;15627487-1;2025-02-30;2
Kathy Mccann;1954-01-27;kathy_mccann@example.com;89694930-9;2008-11-17;4
Ryan Coffey;1966-08-05;ryan_coffey@sample.org;24808248-5;2001-01-16;3
Nicholas Baxter;2001-05-05;nicholas_baxter@example.com;98736226-8;2000-11-27;1
Michael Ruiz;1971-08-24;michael_ruiz@example.com;39983333-4;1994-08-14;2
Tyler Trujillo;1981-06-12;tyler_trujillo@testmail.com;60166962-1;2022-01-01;1
Holly Smith;1995-08-27;holly_smith@sample.org;88135257-1;2007-10-12;4
Alexander Brown;1970-01-10;alexander_brown@sample.org;41619539-1;2009-04-17;1
Andrew Knox;1997-12-06;andrew_knox@testmail.com;80709300-2;1999-11-12;4
Kimberly Hatfield;2004-09-03;kimberly_hatfield@sample.org;94855818-2;2002-11-08;2
Eric Li;1964-01-19;eric_li@example.com;88099077-8;2021-10-30;1
Wesley Romero;1966-09-16;wesley_romero@sample.org;64497146-0;2003-02-23;4
Emily George;1978-05-21;emily_george@example.com;48177403-8;2015-10-27;2
Margaret Patterson;1959-02-17;margaret_patterson@testmail.com;95133788-7;1990-04-21;2
Craig Martin;1964-02-15;craig_martin@example.com;93005931-4;2021-10-14;1
Brooke Raymond;1977-12-16;brooke_raymond@myemail.com;24157844-6;1998-12-18;4
Jose Webb;1979-07-23;jose_webb@testmail.com;87812689-0;2017-12-11;2
Jose Castro;1979-05-29;jose_castro@sample.org;17494414-4;2009-02-20;1
Deborah Jenkins;2001-01-23;deborah_jenkins@example.com;82267071-6;2008-03-22;4
Jasmine Ford;1962-06-13;jasmine_ford@testmail.com;61175177-8;1992-07-22;4
Angela Lopez;1981-05-28;angela_lopez@testmail.com;32969966-0;invalid-date;4
Charles Harvey;1980-06-24;charles_harvey@sample.org;48959278-0;2017-08-10;2
Brandy Brown;1967-12-17;brandy_brown@myemail.com;73279590-5;2007-12-29;2
Kevin Velazquez;1968-04-11;kevin_velazquez@example.com;91253354-6;2016-10-08;2
David Russell;1988-06-24;david_russell@sample.org;86428900-7;2001-02-26;3
Robert Jones;1998-10-18;robert_jones@example.com;13373260-6;2012-10-14;4
Jennifer Banks;1995-09-11;jennifer_banks@myemail.com;61659916-1;1998-07-27;4
Brian Robinson;1955-05-09;brian_robinson@myemail.com;58142195-8;1995-01-14;2
Stephanie Warren;1989-10-30;stephanie_warren@example.com;94322209-4;2010-12-16;2
John Gomez;1961-05-17;john_gomez@sample.org;12817398-0;2016-09-23;3
Breanna Gordon;2000-04-10;breanna_gordon@sample.org;93951669-1;2001-09-28;1
Nicole White;1996-06-24;nicole_white@testmail.com;47388219-7;1993-07-12;1
Brandon Jones;1979-01-19;brandon_jones@myemail.com;25815295-2;2012-08-06;1
Andrea Reyes;1989-01-14;andrea_reyes@example.com;36103153-9;2014-10-02;4
Matthew Krueger;1962-06-14;matthew_krueger@testmail.com;47991094-2;2012-02-24;4
Katie Davis;2003-04-07;katie_davis@sample.org;87580820-9;2017-04-06;3
Shawn Harper;1979-11-30;shawn_harper@testmail.com;65614456-3;1994-03-29;1
Mallory Morrow;2001-12-02;mallory_morrow@sample.org;59031707-1;2019-08-29;2
Jonathan Gonzalez;1995-01-29;jonathan_gonzalez@myemail.com;66509053-7;2008-11-13;3
Shirley Larsen;1969-07-30;shirley_larsen@myemail.com;79952226-7;2020-05-13;4
Ashley Burgess;1995-06-01;ashley_burgess@example.com;31511313-2;1990-04-20;4
Matthew Walker;1979-01-07;matthew_walker@testmail.com;20619467-2;2022-08-18;3
Larry Wright;1966-07-14;larry_wright@sample.org;64161084-1;2013-12-26;4
Eric Blankenship;1979-05-02;eric_blankenship@testmail.com;75473902-7;2019-06-08;4
Lucas Mitchell;2005-08-08;lucas_mitchell@sample.org;24718186-0;1991-06-29;4
Tina Wood;1994-08-07;tina_wood@testmail.com;65110863-5;1996-09-23;1
Sarah Cruz;1955-05-04;sarah_cruz@testmail.com;99627414-9;2003-04-14;4
Brandon Brewer;1984-02-20;brandon_brewer@sample.org;43932695-8;2015-09-21;4
Kevin Cardenas;1986-09-17;kevin_cardenas@testmail.com;38020879-3;2013-06-29;4
Brenda Turner;1995-06-09;brenda_turner@sample.org;54145701-6;1998-03-03;1
Matthew Garcia;1959-07-11;matthew_garcia@testmail.com;71114189-3;2004-04-25;3
Todd Young;2007-08-07;todd_young@sample.org;91166189-3;1992-03-16;2
Chad Peck;1954-09-11;chad_peck@example.com;89531946-7;1994-09-11;4
Kristen Richards;1988-06-07;kristen_richards@example.com;55380789-1;2003-06-21;3
Sherry Goodman;2008-08-17;sherry_goodman@testmail.com;91429159-7;2017-09-08;2
Sydney Preston;2006-11-01;sydney_preston@myemail.com;91062940-6;2001-06-02;1
